,x,y,z,MaximumInscribedSphereRadius,Blanking,CenterlineIds,TractIds,GroupIds
0,7.4711413,0.00060809235,-0.00039825862,9.98220986646624,0.0,0.0,0.0,0.0
1,10.107781,0.007988695,-0.032162875,9.98220986646624,0.0,0.0,0.0,0.0
2,15.329177,0.012787866,-0.039920405,9.98220986646624,0.0,0.0,0.0,0.0
3,19.68705,0.00054671266,0.025148127,9.965563983265362,0.0,0.0,0.0,0.0
4,23.758013,0.04439143,0.058583625,9.915350470015866,0.0,0.0,0.0,0.0
5,27.827887,0.0034266163,-0.010345373,9.99245489039907,0.0,0.0,0.0,0.0
6,31.899439,-0.009986266,-0.024981396,10.001364828145745,0.0,0.0,0.0,0.0
7,35.96145,0.00016809661,0.009376404,10.00225006667286,0.0,0.0,0.0,0.0
8,40.035038,0.002008326,0.101720616,10.378447311310737,0.0,0.0,0.0,0.0
9,44.042915,0.064675115,0.34888873,10.752557002659621,0.0,0.0,0.0,0.0
10,47.495968,-0.051136177,2.502791,9.27124751404582,0.0,0.0,0.0,0.0
11,50.9875,-0.16274206,4.594207,8.459013769308946,0.0,0.0,0.0,0.0
12,54.40391,-0.27834564,6.8068323,8.410195484191679,0.0,0.0,0.0,0.0
13,57.77293,-0.39455223,9.087496,8.87471744566636,0.0,0.0,0.0,0.0
14,61.42145,-0.49116683,10.857925,8.927455449740888,0.0,0.0,0.0,0.0
15,65.24155,-0.53787154,12.255561,8.820494571737365,0.0,0.0,0.0,0.0
16,69.220825,-0.59577847,13.081426,8.54026803327356,0.0,0.0,0.0,0.0
17,73.28237,-0.62155807,13.333662,8.25550453901198,0.0,0.0,0.0,0.0
18,77.3494,-0.6167249,13.22785,7.93725213066824,0.0,0.0,0.0,0.0
19,81.37953,-0.5904722,12.656937,7.857289819849463,0.0,0.0,0.0,0.0
20,85.319565,-0.54231673,11.645706,7.690628745355118,0.0,0.0,0.0,0.0
21,89.089,-0.4731882,10.136907,6.229172190162205,0.0,0.0,0.0,0.0
22,92.633965,-0.38035604,8.135993,5.345595483518863,0.0,0.0,0.0,0.0
23,95.93047,-0.2797189,5.757572,5.770579847255409,0.0,0.0,0.0,0.0
24,98.84962,-0.16284879,2.9307995,6.969657377180505,0.0,0.0,0.0,0.0
25,101.53605,0.005115845,-0.119524896,8.046468443804692,0.0,0.0,0.0,0.0
26,103.82021,0.17284246,-3.4730482,8.282104164931729,0.0,0.0,0.0,0.0
27,105.68286,0.34217003,-7.085956,8.485821215557706,0.0,0.0,0.0,0.0
28,107.075874,0.51622856,-10.903618,8.315844033539346,0.0,0.0,0.0,0.0
29,108.002686,0.68913656,-14.862086,8.067636750641318,0.0,0.0,0.0,0.0
30,108.4444,0.87517405,-18.903831,7.929689593748481,0.0,0.0,0.0,0.0
31,108.39451,1.0625607,-22.967356,7.866949945939595,0.0,0.0,0.0,0.0
32,107.80182,1.2221367,-26.984581,7.6624815733936185,0.0,0.0,0.0,0.0
33,106.67708,1.3853,-30.887478,7.340617375600101,0.0,0.0,0.0,0.0
34,104.88516,1.4244044,-34.52271,6.519873328878869,0.0,0.0,0.0,0.0
35,102.58417,1.6178298,-37.85916,5.302178724401772,0.0,0.0,0.0,0.0
36,100.41322,1.837757,-41.308277,4.937806654094344,0.0,0.0,0.0,0.0
37,98.62797,2.0689123,-44.959023,5.621245038572704,0.0,0.0,0.0,0.0
38,98.38997,2.2727513,-48.937836,5.740058869451783,0.0,0.0,0.0,0.0
39,98.55162,2.4569085,-52.98013,4.60494464190411,0.0,0.0,0.0,0.0
40,98.48471,2.5970278,-57.071125,4.312500075119343,0.0,0.0,0.0,0.0
41,98.50142,2.792318,-61.139843,5.380646070602056,0.0,0.0,0.0,0.0
42,98.482216,3.0376983,-65.20666,6.447528393558334,0.0,0.0,0.0,0.0
43,98.50728,3.1809983,-69.27766,7.284237158182378,0.0,0.0,0.0,0.0
44,98.47706,3.369169,-73.33543,7.8265787019111315,0.0,0.0,0.0,0.0
45,98.55176,3.5940504,-77.39404,7.887420831795113,0.0,0.0,0.0,0.0
46,98.65312,3.6349542,-81.46626,7.870638341111054,0.0,0.0,0.0,0.0
47,98.66322,3.549655,-85.535866,8.03295600917144,0.0,0.0,0.0,0.0
48,98.67967,3.4813008,-89.60547,8.304868346785252,0.0,0.0,0.0,0.0
49,98.62387,3.3293464,-93.67178,8.462586765547833,0.0,0.0,0.0,0.0
50,98.59315,3.1861491,-97.73826,8.486127945471944,0.0,0.0,0.0,0.0
51,98.57398,3.1791036,-101.80875,8.394908258403714,0.0,0.0,0.0,0.0
52,98.40961,3.1531396,-105.87493,8.301815561671487,0.0,0.0,0.0,0.0
53,98.3873,3.280645,-109.93941,8.221153361144356,0.0,0.0,0.0,0.0
54,98.92072,3.6764698,-113.95069,8.08993331679703,0.0,0.0,0.0,0.0
55,99.02811,4.154113,-117.97502,8.134400765282045,0.0,0.0,0.0,0.0
56,99.45565,4.4955845,-121.99716,7.903671788560262,0.0,0.0,0.0,0.0
57,100.1197,5.093526,-125.97178,7.799835648328628,0.0,0.0,0.0,0.0
58,100.89959,5.7393627,-129.91403,8.288050932581694,0.0,0.0,0.0,0.0
59,101.13376,6.0925064,-133.95232,8.386859376628653,0.0,0.0,0.0,0.0
60,101.58572,6.596194,-137.93376,8.303997720532983,0.0,0.0,0.0,0.0
61,101.98958,6.8351946,-141.98132,8.412736000099276,0.0,0.0,0.0,0.0
62,102.06255,7.101091,-146.04099,8.682983466157344,0.0,0.0,0.0,0.0
63,102.06061,7.844781,-150.0277,8.698236705646295,0.0,0.0,0.0,0.0
64,102.00511,8.304147,-154.07466,8.90180958283689,0.0,0.0,0.0,0.0
65,102.24191,8.715648,-158.10954,9.228457506282375,0.0,0.0,0.0,0.0
66,102.127144,9.160434,-162.13666,9.296863599195653,0.0,0.0,0.0,0.0
67,102.0882,9.807412,-166.14183,8.98793815178454,0.0,0.0,0.0,0.0
68,101.99246,10.563894,-170.14117,8.905007148717484,0.0,0.0,0.0,0.0
69,101.82336,11.628027,-174.04062,8.958255718018975,0.0,0.0,0.0,0.0
70,101.747894,12.615544,-177.98302,8.619622953662745,0.0,0.0,0.0,0.0
71,101.80494,13.363399,-181.99269,8.652689060969053,0.0,0.0,0.0,0.0
72,101.88916,13.698949,-186.0413,8.893564964769405,0.0,0.0,0.0,0.0
73,101.75862,13.56559,-190.05843,8.89374052281688,0.0,0.0,0.0,0.0
74,101.175896,13.477236,-193.94649,8.693055019788721,0.0,0.0,0.0,0.0
75,101.56631,8.403834,-202.49884,7.778676916477016,0.0,0.0,2.0,2.0
76,101.095406,5.857912,-205.77629,7.320711429050447,0.0,0.0,2.0,2.0
77,100.11808,3.5243158,-209.10791,7.241007175583621,0.0,0.0,2.0,2.0
78,99.57009,1.5840887,-212.75502,7.12929474349819,0.0,0.0,2.0,2.0
79,99.957275,-0.49304974,-216.3674,6.839226859195545,0.0,0.0,2.0,2.0
80,100.44073,-2.6968071,-219.84648,6.779548738455623,0.0,0.0,2.0,2.0
81,100.41528,-5.196466,-223.19926,6.463495542032788,0.0,0.0,2.0,2.0
82,100.02609,-7.930736,-226.31702,6.199075729310101,0.0,0.0,2.0,2.0
83,99.667755,-11.079874,-229.02802,5.89724982129272,0.0,0.0,2.0,2.0
84,99.48557,-14.261765,-231.8398,5.7661480765724935,0.0,0.0,2.0,2.0
85,99.22825,-17.45296,-234.50565,5.948079911151399,0.0,0.0,2.0,2.0
86,98.86776,-20.863306,-236.97981,6.11715972632039,0.0,0.0,2.0,2.0
87,98.30716,-24.354233,-239.13885,6.341942773526063,0.0,0.0,2.0,2.0
88,94.791405,-33.09567,-239.40437,5.140232055565776,0.0,0.0,4.0,4.0
89,91.458,-38.295315,-236.96024,4.731072135570049,0.0,0.0,4.0,4.0
90,91.25371,-41.294838,-231.6967,4.283327194661807,0.0,0.0,6.0,6.0
91,91.60566,-43.489414,-227.97794,3.8367464925838295,0.0,0.0,6.0,6.0
92,92.3762,-45.408863,-224.19719,4.404656289944039,0.0,0.0,6.0,6.0
93,89.33732,-46.021492,-220.06035,3.300924912172762,0.0,0.0,8.0,8.0
94,84.41349,-45.351654,-215.93263,3.175247459323965,0.0,0.0,8.0,8.0
95,82.84467,-43.31673,-211.85693,2.608257650911979,0.0,0.0,10.0,10.0
96,80.69059,-42.62586,-206.95418,2.393971278065675,0.0,0.0,10.0,10.0
97,80.27197,-43.54699,-204.62492,1.8805948297450679,0.0,0.0,12.0,12.0
98,79.27375,-44.48254,-200.60593,1.7890401610760382,0.0,0.0,12.0,12.0
99,78.67089,-45.30211,-196.48416,1.691845692817291,0.0,0.0,12.0,12.0
100,78.13098,-46.356625,-192.3886,1.7117103269027778,0.0,0.0,12.0,12.0
101,77.60475,-47.376076,-188.28453,1.7155904731677518,0.0,0.0,12.0,12.0
102,96.02934,-45.89812,-219.0956,3.6363676588043323,0.0,1.0,8.0,13.0
103,98.571236,-45.925694,-215.73424,3.2786292849829044,0.0,1.0,8.0,13.0
104,100.485756,-46.335995,-212.00972,3.0994847812816952,0.0,1.0,8.0,13.0
105,102.26776,-46.629925,-208.24628,2.7086949503017728,0.0,1.0,8.0,13.0
106,104.95674,-47.563316,-206.85724,2.447022105264571,0.0,1.0,10.0,15.0
107,108.86721,-48.8121,-204.04391,2.169700284337673,0.0,1.0,10.0,15.0
108,112.32895,-50.424915,-200.90868,1.863451363932927,0.0,1.0,10.0,15.0
109,112.81135,-51.594692,-199.34512,1.728153249702853,0.0,1.0,12.0,17.0
110,112.813324,-55.05162,-195.5664,1.2779944700987207,0.0,1.0,12.0,17.0
111,111.89477,-58.957462,-192.23103,1.293083587486557,0.0,1.0,12.0,17.0
112,110.99667,-62.82629,-188.83617,1.281684229657029,0.0,1.0,12.0,17.0
113,102.57258,-46.418922,-205.33673,2.9013946528082655,0.0,2.0,10.0,18.0
114,104.041855,-46.271755,-200.5708,2.819094796573294,0.0,2.0,10.0,18.0
115,106.30913,-44.833412,-199.31569,2.2293199565040025,0.0,2.0,12.0,20.0
116,110.087326,-43.35657,-199.17853,1.7916972029465814,0.0,2.0,12.0,20.0
117,113.690704,-41.635635,-200.0872,1.8000600946824894,0.0,2.0,12.0,20.0
118,117.192955,-39.800465,-201.18678,1.7996211095114827,0.0,2.0,12.0,20.0
119,95.63802,-50.335228,-220.6313,3.3410854197770057,0.0,3.0,8.0,21.0
120,97.23333,-55.3506,-217.35542,2.523271175121791,0.0,3.0,8.0,21.0
121,97.51566,-56.680477,-214.65788,2.0261261714164194,0.0,3.0,10.0,23.0
122,98.57514,-59.14145,-210.66727,1.7644561436783206,0.0,3.0,10.0,23.0
123,98.95529,-61.874737,-206.71727,1.761183823322419,0.0,3.0,10.0,23.0
124,99.1428,-64.60299,-202.72842,1.7744046040896255,0.0,3.0,10.0,23.0
125,80.03657,-45.475456,-214.23492,2.982364635813549,0.0,4.0,10.0,24.0
126,75.376915,-45.08483,-213.81236,2.862354899949372,0.0,4.0,10.0,24.0
127,70.90448,-43.868603,-213.2041,2.2359425055448514,0.0,4.0,10.0,24.0
128,66.641365,-42.032295,-212.45528,2.133967793990636,0.0,4.0,10.0,24.0
129,62.38978,-40.190083,-211.74226,2.1287082647270372,0.0,4.0,10.0,24.0
130,81.90811,-48.59314,-212.76833,2.0800174936774045,0.0,5.0,10.0,25.0
131,80.824936,-52.828587,-209.68018,1.7337408124752622,0.0,5.0,10.0,25.0
132,79.66387,-57.38217,-207.12798,1.6278033411539408,0.0,5.0,10.0,25.0
133,78.851204,-62.01188,-204.52518,1.640199194173226,0.0,5.0,10.0,25.0
134,104.61681,-46.32557,-197.72743,2.267448419548402,0.0,6.0,12.0,26.0
135,104.77415,-46.36851,-196.42657,2.1397615989447667,0.0,6.0,12.0,26.0
136,105.68955,-45.285683,-194.5654,1.9775242291533686,0.0,6.0,14.0,28.0
137,107.19623,-42.44706,-191.32718,1.78038089306486,0.0,6.0,14.0,28.0
138,108.572685,-39.855484,-187.81204,1.758998056924927,0.0,6.0,14.0,28.0
139,109.84105,-37.217083,-184.27695,1.7666821695282386,0.0,6.0,14.0,28.0
140,114.116005,-50.222237,-200.07962,1.777582496397412,0.0,7.0,12.0,29.0
141,118.169174,-50.14368,-197.42062,1.4776689220131614,0.0,7.0,12.0,29.0
142,122.19696,-50.600315,-194.67705,1.3948452909691844,0.0,7.0,12.0,29.0
143,126.241806,-51.061275,-191.97319,1.3668320722238947,0.0,7.0,12.0,29.0
144,79.343834,-41.20862,-205.40503,2.108565400029231,0.0,8.0,12.0,30.0
145,77.212135,-38.420834,-203.00746,1.8782057770354812,0.0,8.0,12.0,30.0
146,75.11471,-35.62718,-200.59439,1.9085250506161515,0.0,8.0,12.0,30.0
147,73.05517,-32.827023,-198.14345,1.8826066643428156,0.0,8.0,12.0,30.0
148,104.7647,-47.374786,-194.27383,2.045346857355593,0.0,9.0,14.0,31.0
149,105.16334,-49.03859,-190.5645,1.6108238613173638,0.0,9.0,14.0,31.0
150,105.11725,-51.039917,-186.9952,1.6376197485565633,0.0,9.0,14.0,31.0
151,105.011284,-53.027054,-183.41005,1.633463779310115,0.0,9.0,14.0,31.0
152,104.90137,-55.009308,-179.83344,1.6313968998004789,0.0,9.0,14.0,31.0
153,98.09445,-57.74257,-216.92433,2.4218316947318344,0.0,10.0,10.0,32.0
154,98.627235,-58.91327,-216.76135,2.3448491593450984,0.0,10.0,10.0,32.0
155,98.83111,-61.31323,-216.38704,1.9968500175570878,0.0,10.0,12.0,34.0
156,99.06881,-65.4693,-215.97693,1.541409651259161,0.0,10.0,12.0,34.0
157,99.08941,-69.63941,-215.63672,1.5300527503363612,0.0,10.0,12.0,34.0
158,99.09064,-73.81922,-215.29845,1.53679897619216,0.0,10.0,12.0,34.0
159,100.6394,-60.078297,-217.24792,1.786219050966484,0.0,11.0,12.0,35.0
160,105.17048,-62.031254,-217.41333,1.2607487013696954,0.0,11.0,12.0,35.0
161,109.37373,-64.59836,-217.91225,1.346882479219764,0.0,11.0,12.0,35.0
162,113.46525,-67.33846,-218.47214,1.3486058318767715,0.0,11.0,12.0,35.0
163,88.73125,-42.672344,-237.03801,4.632091096641744,0.0,12.0,6.0,36.0
164,86.18368,-45.85522,-237.75452,4.067951656998733,0.0,12.0,6.0,36.0
165,83.28692,-48.58244,-238.84418,3.5484186444454826,0.0,12.0,6.0,36.0
166,80.73845,-51.352932,-238.24854,3.4586420757548564,0.0,12.0,8.0,38.0
167,78.19648,-54.31384,-237.55275,3.3374482990885146,0.0,12.0,8.0,38.0
168,75.02438,-55.16957,-236.98111,2.9684990442137225,0.0,12.0,10.0,40.0
169,70.580864,-56.331715,-236.62886,2.564317950031496,0.0,12.0,10.0,40.0
170,66.204094,-57.268757,-237.60133,2.35696136706572,0.0,12.0,10.0,40.0
171,63.79014,-56.224495,-237.69585,2.1823296019542155,0.0,12.0,12.0,42.0
172,59.35526,-54.025032,-236.92255,2.2755643100126406,0.0,12.0,12.0,42.0
173,58.46712,-51.78625,-236.90945,2.0426116417167792,0.0,12.0,14.0,44.0
174,59.333565,-46.98087,-235.06918,1.8696268492508408,0.0,12.0,14.0,44.0
175,60.62495,-42.348324,-232.89229,1.8755281887368929,0.0,12.0,14.0,44.0
176,81.354645,-49.91802,-241.99306,3.27790637415177,0.0,13.0,8.0,45.0
177,78.48956,-51.46801,-244.8271,2.8608550113065974,0.0,13.0,8.0,45.0
178,75.53718,-52.969765,-247.6012,2.8204817003286564,0.0,13.0,8.0,45.0
179,72.76579,-54.497803,-250.48196,2.789602188359054,0.0,13.0,8.0,45.0
180,71.869644,-54.90561,-253.3483,2.6733983733722257,0.0,13.0,10.0,47.0
181,70.435844,-56.3868,-257.22305,2.338868954673095,0.0,13.0,10.0,47.0
182,70.233665,-56.604336,-261.64932,2.364725736767271,0.0,13.0,10.0,47.0
183,70.31405,-56.589874,-266.0677,2.3716014207882816,0.0,13.0,10.0,47.0
184,70.12597,-56.786648,-270.46622,2.3420606873630936,0.0,13.0,10.0,47.0
185,70.71876,-56.432983,-251.12552,2.4641626940209873,0.0,14.0,10.0,48.0
186,67.63488,-59.15827,-252.33566,2.4232682490653197,0.0,14.0,10.0,48.0
187,64.607315,-61.728806,-254.04604,2.5040093127513092,0.0,14.0,10.0,48.0
188,61.70005,-64.4045,-255.78943,2.5160720213185472,0.0,14.0,10.0,48.0
189,58.766186,-67.11744,-257.45233,2.523138302449785,0.0,14.0,10.0,48.0
190,64.27401,-58.67272,-238.27892,2.3769484705449115,0.0,15.0,12.0,49.0
191,60.706078,-60.971703,-238.81923,2.105265984265334,0.0,15.0,12.0,49.0
192,57.054695,-63.011696,-239.72658,1.8330083029054702,0.0,15.0,12.0,49.0
193,53.249725,-64.73079,-240.69318,1.845313870656497,0.0,15.0,12.0,49.0
194,49.45674,-66.42078,-241.77013,1.8373237456500477,0.0,15.0,12.0,49.0
195,77.40751,-57.713734,-237.30919,2.712254859315,0.0,16.0,10.0,50.0
196,77.00413,-63.122993,-235.92468,2.3653944489108,0.0,16.0,10.0,50.0
197,76.25541,-65.54202,-236.45253,2.123558062867281,0.0,16.0,12.0,52.0
198,74.40886,-70.376976,-237.90042,2.0381544660756603,0.0,16.0,12.0,52.0
199,72.27604,-75.05286,-239.44958,2.0643150824802725,0.0,16.0,12.0,52.0
200,70.116425,-79.708145,-241.05293,2.041846281913576,0.0,16.0,12.0,52.0
201,77.73324,-64.99182,-234.37225,2.3463075030049487,0.0,17.0,12.0,53.0
202,77.83645,-69.48392,-232.01038,2.087009598290601,0.0,17.0,12.0,53.0
203,76.70223,-70.929665,-230.9367,2.2656042412626114,0.0,17.0,14.0,55.0
204,73.100685,-74.432625,-227.7907,2.1729428312120382,0.0,17.0,14.0,55.0
205,69.509285,-77.07361,-223.79773,2.1673930961749805,0.0,17.0,14.0,55.0
206,78.776726,-71.59451,-231.86713,1.9629699960689322,0.0,18.0,14.0,56.0
207,80.26561,-75.870094,-231.39542,1.4279077713476855,0.0,18.0,14.0,56.0
208,80.752144,-80.40309,-231.03375,1.3613531131687457,0.0,18.0,14.0,56.0
209,81.16274,-84.94976,-230.67293,1.3978832355059008,0.0,18.0,14.0,56.0
210,56.91396,-53.859287,-236.68346,2.000996356989521,0.0,19.0,14.0,57.0
211,52.712505,-53.5401,-236.3408,1.5864536501027513,0.0,19.0,14.0,57.0
212,48.629177,-52.505024,-236.37604,1.726105142512139,0.0,19.0,14.0,57.0
213,44.61005,-51.16205,-236.30978,1.7409051531186353,0.0,19.0,14.0,57.0
214,40.591763,-49.81216,-236.22575,1.7413385207260614,0.0,19.0,14.0,57.0
215,99.26157,18.085413,-201.78136,8.753640466359123,0.0,20.0,2.0,58.0
216,98.35412,19.67858,-205.68217,8.421631001682524,0.0,20.0,2.0,58.0
217,98.073586,20.798016,-209.83423,7.954296045514967,0.0,20.0,2.0,58.0
218,98.10043,22.81086,-213.62679,7.505284447053805,0.0,20.0,2.0,58.0
219,98.14078,25.762882,-216.75116,7.3663519663609724,0.0,20.0,2.0,58.0
220,98.73639,29.12887,-219.31308,7.31885902766988,0.0,20.0,2.0,58.0
221,98.92727,33.514572,-225.60059,6.372056442237106,0.0,20.0,4.0,60.0
222,98.834274,35.09483,-229.82614,5.755213217546688,0.0,20.0,4.0,60.0
223,98.68399,36.48942,-234.133,5.83795863574529,0.0,20.0,4.0,60.0
224,98.38594,37.519566,-238.47086,6.002933659584782,0.0,20.0,4.0,60.0
225,97.66313,38.781925,-242.79053,5.788898182178391,0.0,20.0,4.0,60.0
226,96.84744,40.619217,-246.7353,6.0814279516461225,0.0,20.0,4.0,60.0
227,95.47658,46.60404,-255.90018,5.070055956189691,0.0,20.0,6.0,62.0
228,94.332405,48.780132,-261.48065,4.143001547200675,0.0,20.0,6.0,62.0
229,92.03266,47.20683,-266.63593,2.9936078935641017,0.0,20.0,8.0,64.0
230,89.00101,47.056427,-270.3527,2.206812191569742,0.0,20.0,8.0,64.0
231,85.817116,48.199066,-273.7701,1.7070998585183395,0.0,20.0,8.0,64.0
232,83.16942,49.02282,-277.6675,1.7322064078684403,0.0,20.0,8.0,64.0
233,82.59328,48.11941,-279.3681,1.5656229169499931,0.0,20.0,10.0,66.0
234,82.06565,46.4481,-283.2715,1.5920161535825987,0.0,20.0,10.0,66.0
235,81.79982,45.040615,-287.3186,1.592447878494271,0.0,20.0,10.0,66.0
236,81.5874,43.621307,-291.36987,1.5861338182776274,0.0,20.0,10.0,66.0
237,93.983154,51.35922,-265.22946,4.713207110710069,0.0,21.0,8.0,67.0
238,94.10714,52.590057,-267.96762,4.847685505483465,0.0,21.0,8.0,67.0
239,93.60851,56.2358,-276.10776,3.656315893405978,0.0,21.0,10.0,68.0
240,94.76114,59.71371,-282.4613,3.0724293639499805,0.0,21.0,10.0,68.0
241,95.055664,62.93756,-283.8615,3.0511103968303765,0.0,21.0,12.0,70.0
242,97.58029,67.7903,-285.3031,2.5458341034452623,0.0,21.0,12.0,70.0
243,97.34034,70.1779,-286.50845,2.3169362333581462,0.0,21.0,14.0,72.0
244,97.018555,73.81719,-288.96103,2.197878651278274,0.0,21.0,14.0,72.0
245,96.35824,77.44269,-291.3523,2.1782224874916434,0.0,21.0,14.0,72.0
246,95.90621,80.93083,-293.97968,2.1877284712645633,0.0,21.0,14.0,72.0
247,95.50043,84.51249,-296.50803,2.1746028709368757,0.0,21.0,14.0,72.0
248,91.00084,59.087982,-273.99805,3.153767366346045,0.0,22.0,10.0,73.0
249,90.11682,62.647205,-275.98343,2.992814442964063,0.0,22.0,10.0,73.0
250,88.59083,64.39344,-277.8964,2.8182304894124393,0.0,22.0,12.0,75.0
251,86.11566,67.8655,-280.53824,2.54171230905241,0.0,22.0,12.0,75.0
252,83.31186,70.933334,-283.31613,2.8028728195646098,0.0,22.0,12.0,75.0
253,81.79643,75.06131,-285.87427,2.532643084325942,0.0,22.0,14.0,77.0
254,80.095116,78.443344,-287.93817,2.323648557945779,0.0,22.0,14.0,77.0
255,78.39688,81.671104,-290.19052,1.664503017604408,0.0,22.0,14.0,77.0
256,77.128815,84.7235,-292.95605,1.6727838113401392,0.0,22.0,14.0,77.0
257,75.9207,87.824005,-295.7111,1.6650622240579322,0.0,22.0,14.0,77.0
258,95.280045,59.885708,-285.65945,3.338927426658456,0.0,23.0,12.0,78.0
259,96.15472,61.41063,-293.43912,2.8706720336230966,0.0,23.0,12.0,78.0
260,95.89984,63.659264,-295.60358,2.303509965501619,0.0,23.0,14.0,80.0
261,95.231804,66.78249,-298.31723,2.364701720720529,0.0,23.0,14.0,80.0
262,95.0223,69.59616,-301.41638,2.523189163952428,0.0,23.0,14.0,80.0
263,95.22488,72.31405,-304.54227,2.391704500641498,0.0,23.0,14.0,80.0
264,94.05842,73.95338,-306.1194,2.201327978795776,0.0,23.0,16.0,82.0
265,92.506805,76.89853,-309.08026,1.7406704195726979,0.0,23.0,16.0,82.0
266,90.92764,80.04707,-311.83307,1.6919738652295278,0.0,23.0,16.0,82.0
267,89.34644,83.05803,-314.7466,1.7059801224477977,0.0,23.0,16.0,82.0
268,97.18095,60.92789,-296.27487,2.6812706045129313,0.0,24.0,14.0,83.0
269,98.21799,60.389748,-300.31766,2.721398324916058,0.0,24.0,14.0,83.0
270,97.619965,60.514557,-304.4876,2.220792780795805,0.0,24.0,14.0,83.0
271,97.18575,60.902313,-308.67017,2.4781871312634083,0.0,24.0,14.0,83.0
272,96.97273,61.195137,-312.84045,2.5944278574029527,0.0,24.0,14.0,83.0
273,96.74396,62.233765,-315.2344,2.147281272005688,0.0,24.0,16.0,85.0
274,96.38209,64.18836,-319.53622,1.9350962564022645,0.0,24.0,16.0,85.0
275,96.07055,65.971924,-323.90402,1.934528030677689,0.0,24.0,16.0,85.0
276,95.6925,67.63558,-328.32526,1.9238939868958294,0.0,24.0,16.0,85.0
277,82.385895,49.99057,-279.05838,1.7982212531789918,0.0,25.0,10.0,86.0
278,80.15078,51.796062,-282.7025,1.6438116643777103,0.0,25.0,10.0,86.0
279,78.20418,53.126633,-286.73764,1.696176422026962,0.0,25.0,10.0,86.0
280,76.29207,54.59105,-290.74744,1.6839633434137096,0.0,25.0,10.0,86.0
281,97.49536,51.974564,-272.0412,3.2996146020998633,0.0,26.0,10.0,87.0
282,100.159225,50.580673,-275.4483,2.3320894846048277,0.0,26.0,10.0,87.0
283,101.72906,49.89946,-279.63644,2.0764767802603754,0.0,26.0,10.0,87.0
284,103.32299,50.200806,-281.01257,2.0642913861466052,0.0,26.0,12.0,89.0
285,110.112015,51.29038,-284.47372,1.4924857575984949,0.0,26.0,12.0,89.0
286,96.99197,59.5531,-315.00574,2.000390273523246,0.0,27.0,16.0,90.0
287,96.46122,56.863407,-318.0322,2.014207146305187,0.0,27.0,16.0,90.0
288,95.21991,55.036762,-321.49448,2.06093932974101,0.0,27.0,16.0,90.0
289,94.20404,54.11523,-325.38126,2.0541271653295254,0.0,27.0,16.0,90.0
290,93.18747,53.283283,-329.29327,2.081717888094172,0.0,27.0,16.0,90.0
291,99.89946,69.07451,-285.78467,2.2621218093987223,0.0,28.0,14.0,91.0
292,104.49186,71.68839,-286.61038,2.4485107171578804,0.0,28.0,14.0,91.0
293,108.760124,74.80643,-287.58252,2.396686137606778,0.0,28.0,14.0,91.0
294,113.10045,77.762405,-288.68884,2.402400764907315,0.0,28.0,14.0,91.0
295,96.52559,73.45179,-306.4919,2.3316491365296654,0.0,29.0,16.0,92.0
296,98.15062,75.4934,-310.04556,1.9891830885221264,0.0,29.0,16.0,92.0
297,99.82794,77.91598,-313.33102,1.9642976067151872,0.0,29.0,16.0,92.0
298,101.541565,80.358116,-316.59378,1.9743537069896044,0.0,29.0,16.0,92.0
299,101.339584,49.079205,-281.83026,1.936863580706355,0.0,30.0,12.0,93.0
300,99.34315,46.988285,-285.86514,1.8354064713470581,0.0,30.0,12.0,93.0
301,96.962364,44.860344,-289.69415,1.8370496047432014,0.0,30.0,12.0,93.0
302,91.138794,65.56582,-276.469,2.797108770633871,0.0,31.0,12.0,94.0
303,92.24847,69.575584,-276.5665,2.6840273897941236,0.0,31.0,12.0,94.0
304,93.79991,73.44192,-276.51007,2.689793635939812,0.0,31.0,12.0,94.0
305,95.3926,77.29601,-276.39304,2.6834151005215228,0.0,31.0,12.0,94.0
306,80.0912,72.87716,-286.01202,2.5747393685577475,0.0,32.0,14.0,96.0
307,77.22303,75.003,-288.47223,2.223462054724922,0.0,32.0,14.0,96.0
308,73.84341,76.84448,-290.48376,1.8226673847554857,0.0,32.0,14.0,96.0
309,71.16672,79.5156,-292.62912,1.465793730609,0.0,32.0,14.0,96.0
310,68.61515,82.22526,-294.87988,1.4976146491737294,0.0,32.0,14.0,96.0
311,66.055214,84.92217,-297.14426,1.5006372842444027,0.0,32.0,14.0,96.0
312,98.49397,-31.872553,-245.1134,5.8338442843550755,0.0,33.0,4.0,97.0
313,99.812546,-35.140408,-248.31937,5.386751055852865,0.0,33.0,4.0,97.0
314,104.64312,-38.302277,-250.06602,4.462514139866073,0.0,33.0,6.0,99.0
315,106.97783,-39.648422,-250.34175,4.105122924130918,0.0,33.0,6.0,99.0
316,110.67442,-39.564514,-252.84937,2.816779852002242,0.0,33.0,8.0,101.0
317,114.19487,-38.16554,-257.5061,2.3738719148684817,0.0,33.0,8.0,101.0
318,117.304726,-36.940517,-262.5212,2.3993340911264314,0.0,33.0,8.0,101.0
319,98.70522,-38.341377,-252.9619,5.372761214372847,0.0,34.0,6.0,123.0
320,97.91263,-40.320457,-256.71915,4.992896533399405,0.0,34.0,6.0,123.0
321,97.25629,-41.855236,-260.70938,4.913774748818891,0.0,34.0,6.0,123.0
322,96.73867,-43.835415,-264.468,4.774627527945948,0.0,34.0,6.0,123.0
323,99.114716,-45.870083,-273.1267,3.8496609636696926,0.0,34.0,8.0,102.0
324,101.03896,-46.653,-277.05255,3.5696286247476703,0.0,34.0,8.0,102.0
325,101.42662,-47.021683,-280.30115,3.464953398090436,0.0,34.0,10.0,104.0
326,101.82535,-47.256466,-286.0082,3.351268084201079,0.0,34.0,10.0,104.0
327,102.897545,-47.672985,-291.5656,3.7187998225621315,0.0,34.0,10.0,104.0
328,101.794205,-49.254925,-295.73807,2.8442515943724307,0.0,34.0,12.0,106.0
329,101.338486,-51.542816,-300.0504,2.4374785795152834,0.0,34.0,12.0,106.0
330,101.38751,-53.77969,-304.44186,2.328473918076548,0.0,34.0,12.0,106.0
331,101.67528,-56.099125,-308.7848,2.33160437134892,0.0,34.0,12.0,106.0
332,95.3555,-48.84172,-272.42084,3.5009807838438434,0.0,35.0,8.0,107.0
333,94.49453,-51.58468,-276.43002,3.0050372900627753,0.0,35.0,8.0,107.0
334,94.26167,-54.932556,-279.9882,3.0761334033013936,0.0,35.0,8.0,107.0
335,93.34091,-56.192673,-282.70074,2.9032579019831495,0.0,35.0,10.0,109.0
336,91.95698,-58.031357,-286.56836,2.6934129744325928,0.0,35.0,10.0,109.0
337,90.31599,-59.936428,-290.32855,2.723094307404003,0.0,35.0,10.0,109.0
338,89.17511,-62.960224,-293.53888,2.814827218611702,0.0,35.0,10.0,109.0
339,104.10466,-48.850407,-278.3161,2.2966341806324095,0.0,36.0,10.0,110.0
340,106.6027,-52.250793,-278.94662,2.096225274290421,0.0,36.0,10.0,110.0
341,109.44292,-55.391476,-279.41302,2.124874666251345,0.0,36.0,10.0,110.0
342,112.29431,-58.520554,-279.95276,2.123528404197494,0.0,36.0,10.0,110.0
343,95.6817,-57.903976,-280.8409,2.715010079860894,0.0,37.0,10.0,111.0
344,97.09756,-61.702724,-282.0258,1.9317504051149172,0.0,37.0,10.0,111.0
345,98.277565,-65.40934,-283.6708,1.579439164764383,0.0,37.0,10.0,111.0
346,99.98702,-69.043724,-285.06866,1.7111987023777844,0.0,37.0,10.0,111.0
347,109.963165,-41.988995,-248.65665,3.815597810290929,0.0,38.0,8.0,112.0
348,111.14068,-43.010536,-247.4402,3.5187979265520593,0.0,38.0,8.0,112.0
349,112.860756,-46.00419,-246.33852,2.820501331105806,0.0,38.0,10.0,114.0
350,114.608,-49.24733,-245.99417,2.0745269762205374,0.0,38.0,10.0,114.0
351,115.07676,-51.052917,-247.14111,2.1077328390976224,0.0,38.0,12.0,116.0
352,115.61535,-55.018257,-248.8968,1.6656008924445667,0.0,38.0,12.0,116.0
353,115.09206,-58.91729,-251.01147,1.5598698701075326,0.0,38.0,12.0,116.0
354,114.506744,-62.809364,-253.13483,1.5582063429986153,0.0,38.0,12.0,116.0
355,113.7541,-42.57907,-244.81293,2.8528251808506115,0.0,39.0,10.0,117.0
356,117.230125,-42.589508,-242.19415,2.166536843866577,0.0,39.0,10.0,117.0
357,121.110054,-43.660877,-240.47243,1.990467810022325,0.0,39.0,10.0,117.0
358,125.0283,-44.731045,-238.83542,1.9919368553555035,0.0,39.0,10.0,117.0
359,128.98175,-45.726166,-237.23135,1.978071650244411,0.0,39.0,10.0,117.0
360,92.895256,-47.84036,-266.10974,4.016201852119056,0.0,40.0,8.0,118.0
361,89.39581,-52.076042,-271.06253,3.203480664362574,0.0,40.0,8.0,118.0
362,89.000206,-55.067993,-271.96155,2.584983004813277,0.0,40.0,10.0,120.0
363,88.08156,-60.81753,-273.32022,2.2607318853901903,0.0,40.0,10.0,120.0
364,85.969574,-66.28343,-274.38843,2.1363772644231855,0.0,40.0,10.0,120.0
365,106.227646,-48.961937,-294.3599,2.7370607667329137,0.0,41.0,12.0,121.0
366,109.075424,-50.31981,-297.4599,2.0948657432398803,0.0,41.0,12.0,121.0
367,111.57025,-51.37237,-300.9633,1.5491633675664733,0.0,41.0,12.0,121.0
368,113.91908,-52.434483,-304.57846,1.503605909622849,0.0,41.0,12.0,121.0
369,116.280136,-53.480717,-308.19635,1.5116453133859709,0.0,41.0,12.0,121.0
370,116.16348,-50.974663,-245.26834,1.9239247516393685,0.0,42.0,12.0,122.0
371,119.363815,-54.46557,-243.30196,1.6680690715424351,0.0,42.0,12.0,122.0
372,122.4762,-57.645134,-240.49649,1.335415053981843,0.0,42.0,12.0,122.0
373,125.58345,-60.822056,-237.67328,1.3418989379031805,0.0,42.0,12.0,122.0
374,103.77253,-46.030087,-295.4487,2.9781776555738624,0.0,43.0,12.0,125.0
375,104.31427,-44.055553,-299.1759,2.1388995483784523,0.0,43.0,12.0,125.0
376,104.190475,-42.632732,-303.19788,2.0836953507556837,0.0,43.0,12.0,125.0
377,103.442055,-41.43923,-307.23804,2.1118249729212843,0.0,43.0,12.0,125.0
378,86.913956,-52.61831,-273.34262,2.6253180232990903,0.0,44.0,10.0,126.0
379,83.8461,-54.81288,-277.94623,2.1952313456999097,0.0,44.0,10.0,126.0
380,81.05602,-57.15053,-282.69797,2.214173467037451,0.0,44.0,10.0,126.0
381,100.47713,47.81148,-252.8244,3.6769493029110043,0.0,45.0,6.0,127.0
382,102.61434,48.759228,-253.10645,3.2690599851268436,0.0,45.0,6.0,127.0
383,106.03547,48.190723,-252.33142,3.0879352918134564,0.0,45.0,8.0,129.0
384,106.43943,47.943584,-252.31718,2.8403933007846667,0.0,45.0,8.0,129.0
385,109.07766,46.446983,-253.36047,2.220956293528698,0.0,45.0,10.0,131.0
386,110.54197,45.60154,-254.38914,2.292942926102424,0.0,45.0,10.0,131.0
387,112.705536,45.68446,-255.36133,1.975772500201313,0.0,45.0,12.0,133.0
388,116.76363,45.98175,-257.17096,1.3260816872548404,0.0,45.0,12.0,133.0
389,120.78831,46.287704,-259.04138,1.3220645362574293,0.0,45.0,12.0,133.0
390,124.820244,46.62289,-260.92407,1.3154790894311403,0.0,45.0,12.0,133.0
391,90.400856,44.71315,-252.11948,4.403244508277208,0.0,46.0,6.0,159.0
392,86.95749,46.92838,-253.50597,3.952041468339091,0.0,46.0,6.0,159.0
393,83.662384,49.668514,-253.9426,3.9908047498023205,0.0,46.0,6.0,159.0
394,80.69679,52.762566,-253.66516,3.609187558366161,0.0,46.0,6.0,159.0
395,74.185326,54.749954,-254.01952,2.7731732478246967,0.0,46.0,8.0,134.0
396,69.65904,55.460495,-254.53677,2.4491794492134327,0.0,46.0,8.0,134.0
397,65.21676,56.35885,-255.4321,2.6365746561515433,0.0,46.0,8.0,134.0
398,60.99882,57.19636,-257.02048,2.867427844691605,0.0,46.0,8.0,134.0
399,58.17861,58.427513,-256.43423,2.628903029094422,0.0,46.0,10.0,136.0
400,53.95343,59.609997,-256.61206,2.4439301807275373,0.0,46.0,10.0,136.0
401,49.739902,60.647736,-257.27026,2.404459990971563,0.0,46.0,10.0,136.0
402,47.967556,62.451374,-257.6205,2.1131783828417534,0.0,46.0,12.0,138.0
403,44.840187,65.680305,-257.83167,1.883418264072172,0.0,46.0,12.0,138.0
404,41.618595,68.81734,-257.36893,1.9281108087055854,0.0,46.0,12.0,138.0
405,38.41469,72.00218,-257.06903,1.9028845023663372,0.0,46.0,12.0,138.0
406,80.01004,58.221775,-252.92456,3.099059702999574,0.0,47.0,8.0,139.0
407,79.65257,63.20226,-251.97264,2.61906513225745,0.0,47.0,8.0,139.0
408,79.94851,68.06415,-250.5589,2.454496557720524,0.0,47.0,8.0,139.0
409,77.88553,70.302986,-249.41087,2.0352440488191204,0.0,47.0,10.0,141.0
410,74.72539,74.48153,-248.28836,1.6721276072784108,0.0,47.0,10.0,141.0
411,71.24782,78.54502,-247.7008,1.659030199033034,0.0,47.0,10.0,141.0
412,67.768906,82.55436,-246.87372,1.6507460430341676,0.0,47.0,10.0,141.0
413,111.03486,43.64546,-255.55275,2.097073561687531,0.0,48.0,12.0,142.0
414,110.654755,38.940033,-257.75623,1.9605161033755665,0.0,48.0,12.0,142.0
415,110.1836,34.265648,-260.01617,1.9580244650342562,0.0,48.0,12.0,142.0
416,104.69053,51.960472,-252.72586,2.9793875805426167,0.0,49.0,8.0,151.0
417,107.47644,56.085274,-252.4017,2.737963857170179,0.0,49.0,8.0,151.0
418,110.94267,59.464485,-253.24342,2.589589162546179,0.0,49.0,8.0,151.0
419,114.5538,62.596382,-254.38565,2.2577255495150603,0.0,49.0,8.0,151.0
420,118.54875,65.307915,-254.09947,2.2219270634483603,0.0,49.0,10.0,143.0
421,121.995514,67.439316,-253.77786,1.5817881391720219,0.0,49.0,10.0,143.0
422,125.09092,69.83422,-252.58742,1.388482732996908,0.0,49.0,10.0,143.0
423,128.32542,72.13111,-251.56035,1.4149008438223207,0.0,49.0,10.0,143.0
424,131.52454,74.472565,-250.51927,1.411551791581775,0.0,49.0,10.0,143.0
425,75.2296,57.65129,-254.7401,2.8495571780228968,0.0,50.0,8.0,144.0
426,72.10374,60.67652,-256.37643,2.655748772941628,0.0,50.0,8.0,144.0
427,68.832756,63.370457,-258.31555,2.6206835884989363,0.0,50.0,8.0,144.0
428,66.09074,66.19812,-260.7265,2.542809046220544,0.0,50.0,8.0,144.0
429,64.57382,68.38454,-260.85327,2.269941409133205,0.0,50.0,10.0,146.0
430,61.60287,74.0313,-262.46112,2.092416705243749,0.0,50.0,10.0,146.0
431,60.01952,75.13786,-263.2633,1.8074768529227032,0.0,50.0,12.0,148.0
432,55.71969,78.14033,-265.15186,1.5848561912693508,0.0,50.0,12.0,148.0
433,51.360752,81.02331,-267.1049,1.5953614699635266,0.0,50.0,12.0,148.0
434,64.808044,66.99211,-263.0026,2.1397232460528546,0.0,51.0,10.0,149.0
435,61.498726,68.97914,-266.13885,1.6167312541325507,0.0,51.0,10.0,149.0
436,58.11874,71.07885,-269.19507,1.5612550589123986,0.0,51.0,10.0,149.0
437,54.775234,73.053055,-272.3783,1.5474364335914852,0.0,51.0,10.0,149.0
438,108.146774,46.684277,-250.19456,2.3648637871110383,0.0,52.0,10.0,150.0
439,111.65362,45.48411,-246.16344,2.048006538828381,0.0,52.0,10.0,150.0
440,115.16277,44.184105,-242.15727,2.0522808256974203,0.0,52.0,10.0,150.0
441,117.11705,66.35524,-252.27512,1.648587342830037,0.0,53.0,10.0,153.0
442,115.2966,69.58692,-248.14482,1.4166227940661986,0.0,53.0,10.0,153.0
443,113.08327,72.571465,-243.96414,1.4127735447812144,0.0,53.0,10.0,153.0
444,116.52329,64.68846,-256.5136,1.9357202507123925,0.0,54.0,10.0,154.0
445,118.559746,67.189224,-259.95728,1.8903138662336891,0.0,54.0,10.0,154.0
446,120.08028,69.923645,-263.4838,1.9840580805255201,0.0,54.0,10.0,154.0
447,121.62843,72.727715,-266.95908,1.9630577123677855,0.0,54.0,10.0,154.0
448,80.57203,70.50679,-249.87134,2.3759401155930453,0.0,55.0,10.0,155.0
449,80.706924,70.75873,-249.73816,2.340240121360846,0.0,55.0,10.0,155.0
450,82.227066,72.65469,-248.90308,2.1718521074728807,0.0,55.0,12.0,157.0
451,83.99851,76.103584,-247.349,1.6408173510805066,0.0,55.0,12.0,157.0
452,85.55908,79.52555,-245.50288,1.7579248556255394,0.0,55.0,12.0,157.0
453,87.08178,83.00017,-243.72957,1.7269618747836566,0.0,55.0,12.0,157.0
454,88.65735,86.484955,-242.00871,1.736439138843757,0.0,55.0,12.0,157.0
455,47.213146,60.107796,-257.30698,2.0902986708521563,0.0,56.0,12.0,158.0
456,41.44679,58.484245,-257.40216,2.082152019627045,0.0,56.0,12.0,158.0
457,35.725403,56.691578,-257.6547,2.0737573469239288,0.0,56.0,12.0,158.0
458,59.04319,57.399323,-259.39777,2.8076546867489998,0.0,57.0,10.0,161.0
459,55.321564,57.53805,-262.52078,2.2107924285697154,0.0,57.0,10.0,161.0
460,51.526592,56.97577,-265.57358,2.1235906861241074,0.0,57.0,10.0,161.0
461,47.71445,56.494133,-268.6155,2.1151330608271097,0.0,57.0,10.0,161.0
462,80.10169,73.227844,-249.8005,1.9212621756759316,0.0,58.0,12.0,162.0
463,79.12429,77.68747,-250.05513,1.2590156045270111,0.0,58.0,12.0,162.0
464,78.36346,82.22946,-250.0105,1.2401334160730677,0.0,58.0,12.0,162.0
465,77.59067,86.77176,-249.84853,1.2520320415968336,0.0,58.0,12.0,162.0
466,61.359123,76.20244,-262.06003,1.6564628811434772,0.0,59.0,12.0,163.0
467,61.01746,81.822556,-260.61606,1.3220424726500772,0.0,59.0,12.0,163.0
468,60.56681,87.509094,-259.39844,1.3009287031971686,0.0,59.0,12.0,163.0
469,101.045685,36.19638,-218.14667,5.356864373623445,0.0,60.0,4.0,164.0
470,101.72858,41.72587,-217.0153,4.5533434819582075,0.0,60.0,4.0,164.0
471,101.63281,46.946743,-214.92436,4.632458400758712,0.0,60.0,4.0,164.0
472,98.59273,51.761166,-214.62387,4.141439980776417,0.0,60.0,6.0,166.0
473,96.16344,55.073177,-213.41226,3.5916010401335674,0.0,60.0,6.0,166.0
474,94.10551,58.384384,-211.6743,3.5595973930149407,0.0,60.0,6.0,166.0
475,91.20912,59.948975,-210.4381,3.5935312735229505,0.0,60.0,8.0,168.0
476,91.00572,60.045944,-210.24149,3.5886993992040126,0.0,60.0,8.0,168.0
477,88.183685,62.075512,-211.0444,3.17957468318178,0.0,60.0,10.0,170.0
478,82.422935,66.008125,-213.05127,2.8863719297272645,0.0,60.0,10.0,170.0
479,79.64186,66.57767,-213.53201,2.6263846051619146,0.0,60.0,12.0,172.0
480,75.10095,68.0862,-214.3285,2.3612540926791947,0.0,60.0,12.0,172.0
481,70.52668,69.52476,-214.95963,2.4378713955593327,0.0,60.0,12.0,172.0
482,103.61932,50.047955,-211.59303,4.206215077430491,0.0,61.0,6.0,173.0
483,104.37375,50.90285,-210.68864,4.043300681352161,0.0,61.0,6.0,173.0
484,107.494644,53.330986,-209.5811,3.342111304552807,0.0,61.0,8.0,175.0
485,109.896614,54.74408,-208.74431,3.1118051147646497,0.0,61.0,8.0,175.0
486,112.666725,54.67037,-207.29343,2.969466631580268,0.0,61.0,10.0,177.0
487,117.9747,54.82242,-203.98523,2.540751706888013,0.0,61.0,10.0,177.0
488,120.053764,53.485867,-202.75688,2.1133397605325377,0.0,61.0,12.0,179.0
489,123.10257,51.18542,-201.42195,1.8648108496126636,0.0,61.0,12.0,179.0
490,126.17073,48.96225,-199.99736,1.842926254759968,0.0,61.0,12.0,179.0
491,129.23125,46.707985,-198.594,1.8441249701253817,0.0,61.0,12.0,179.0
492,105.38166,51.467045,-206.6036,3.018562159394371,0.0,62.0,8.0,180.0
493,106.34072,52.22521,-200.67938,2.6754397907691865,0.0,62.0,8.0,180.0
494,106.339325,54.193653,-198.61009,2.576411992488821,0.0,62.0,10.0,182.0
495,107.12814,56.785564,-194.2339,2.5550339675920695,0.0,62.0,10.0,182.0
496,108.2419,58.587936,-189.55263,2.3759994703573155,0.0,62.0,10.0,182.0
497,109.51282,60.331566,-184.88254,2.3668591635264034,0.0,62.0,10.0,182.0
498,111.54341,57.578552,-208.05327,2.491707967547325,0.0,63.0,10.0,183.0
499,113.119354,61.39215,-206.88863,2.630330475228557,0.0,63.0,10.0,183.0
500,115.21355,65.04471,-206.20424,2.3304177561053177,0.0,63.0,10.0,183.0
501,116.10183,67.39289,-206.7334,2.1561395802764514,0.0,63.0,12.0,185.0
502,117.47268,71.30974,-206.9165,2.2460668270351936,0.0,63.0,12.0,185.0
503,119.56034,74.91839,-206.7398,1.910437207031033,0.0,63.0,12.0,185.0
504,121.3264,78.68585,-206.4675,1.9324471760427584,0.0,63.0,12.0,185.0
505,123.11845,82.46133,-206.19554,1.9392579002970018,0.0,63.0,12.0,185.0
506,116.508675,66.44264,-204.56735,2.188368390340813,0.0,64.0,12.0,186.0
507,119.44486,69.89258,-201.73123,1.7049241851196104,0.0,64.0,12.0,186.0
508,122.25321,73.560265,-198.9908,1.5503545018497191,0.0,64.0,12.0,186.0
509,125.057915,77.257286,-196.28864,1.5532425512367871,0.0,64.0,12.0,186.0
510,94.408264,62.16125,-210.34354,2.800628494749971,0.0,65.0,8.0,187.0
511,95.73527,67.0403,-208.92009,2.207592259167134,0.0,65.0,8.0,187.0
512,97.83072,71.72031,-207.66249,2.0941352123406394,0.0,65.0,8.0,187.0
513,99.84611,76.37252,-206.14955,2.085661775673646,0.0,65.0,8.0,187.0
514,88.784225,60.526237,-207.15503,2.851066693034239,0.0,66.0,10.0,188.0
515,85.582535,61.00639,-204.4089,2.7639203962902483,0.0,66.0,10.0,188.0
516,83.26785,60.71131,-203.07628,2.8498901924587465,0.0,66.0,12.0,190.0
517,82.6395,60.73482,-202.73915,2.7379383149228484,0.0,66.0,12.0,190.0
518,79.571175,60.6391,-202.06293,2.4827066002388762,0.0,66.0,14.0,192.0
519,75.387505,60.26186,-201.75458,2.1312733897121316,0.0,66.0,14.0,192.0
520,71.26541,59.404587,-201.56995,1.8923392603237699,0.0,66.0,14.0,192.0
521,82.081505,60.30269,-199.99316,2.3390135143048125,0.0,67.0,14.0,193.0
522,82.0193,59.865448,-194.74773,2.0863315464179832,0.0,67.0,14.0,193.0
523,81.71004,59.133743,-189.53394,1.9974103954609321,0.0,67.0,14.0,193.0
524,81.16685,58.380203,-184.31984,1.9918052070621415,0.0,67.0,14.0,193.0
525,81.52657,68.9005,-212.95132,2.3176299064127686,0.0,68.0,12.0,194.0
526,80.23389,72.70974,-212.4203,1.8232461005500529,0.0,68.0,12.0,194.0
527,79.053734,76.57742,-211.92514,1.4897874499838049,0.0,68.0,12.0,194.0
528,77.74895,80.41751,-211.46725,1.525335675211365,0.0,68.0,12.0,194.0
529,106.97152,51.524483,-197.96841,2.3525632741366684,0.0,69.0,10.0,195.0
530,108.7152,50.256977,-193.24318,1.8998522361507164,0.0,69.0,10.0,195.0
531,111.38002,49.37858,-188.76797,1.8866739328549131,0.0,69.0,10.0,195.0
532,113.99046,48.55578,-184.24033,1.8900117259557299,0.0,69.0,10.0,195.0
533,84.73186,63.193287,-202.07791,2.2229578762942466,0.0,70.0,12.0,196.0
534,83.80025,66.98774,-198.8401,1.5963613500357088,0.0,70.0,12.0,196.0
535,83.471565,70.88509,-195.56973,1.4992373028000963,0.0,70.0,12.0,196.0
536,83.07955,74.77576,-192.29378,1.4982805685084755,0.0,70.0,12.0,196.0
537,120.14162,56.128365,-203.03229,2.1294160952926102,0.0,71.0,12.0,197.0
538,124.00052,58.463577,-201.33978,1.7179736488370323,0.0,71.0,12.0,197.0
539,127.67182,60.61339,-199.15009,1.7004778203115767,0.0,71.0,12.0,197.0
540,131.16238,61.746117,-196.04457,1.4331677521074948,0.0,71.0,12.0,197.0
541,134.6544,62.965603,-192.93478,1.4851462390158179,0.0,71.0,12.0,197.0
542,138.20345,64.08454,-189.84836,1.4928985472607301,0.0,71.0,12.0,197.0
543,100.764984,13.631254,-197.679,8.693055019788721,0.0,6.6666665,1.3333334,20.0
544,97.06045,-29.232492,-240.61076,6.162824401379299,0.0,11.0,3.3333333,34.333332
545,90.55459,-40.123398,-236.24062,4.731072135570049,0.0,4.0,5.3333335,15.333333
546,92.92852,-46.138123,-222.56671,4.404656289944039,0.0,1.0,7.5,12.0
547,83.26758,-45.375954,-214.86115,3.175247459323965,0.0,2.25,9.5,16.75
548,80.30517,-42.468845,-206.17348,2.393971278065675,0.0,2.6666667,11.333333,17.333334
549,102.88444,-46.755882,-207.1624,2.7086949503017728,0.0,1.3333334,9.333333,15.333333
550,112.86463,-50.64056,-200.35774,1.863451363932927,0.0,3.0,11.333333,20.333334
551,104.50097,-46.096996,-199.61382,2.819094796573294,0.0,3.3333333,11.333333,21.333334
552,97.5457,-56.28269,-216.89731,2.523271175121791,0.0,5.3333335,9.333333,25.333334
553,104.9756,-46.3671,-195.49995,2.1397615989447667,0.0,7.0,13.333333,28.333334
554,99.0462,-59.682915,-216.76482,2.3448491593450984,0.0,10.333333,11.333333,33.666668
555,82.22268,-49.56869,-239.39883,3.5484186444454826,0.0,12.333333,7.3333335,39.666668
556,77.2924,-55.185654,-237.36984,3.3374482990885146,0.0,13.333333,9.333333,42.666668
557,65.167435,-57.405685,-237.79932,2.35696136706572,0.0,13.0,11.333333,43.666668
558,58.635235,-53.490692,-236.86848,2.2755643100126406,0.0,14.333333,13.333333,47.666668
559,72.10599,-55.011547,-251.33652,2.789602188359054,0.0,13.333333,9.333333,46.666668
560,77.03404,-64.117485,-235.63539,2.3653944489108,0.0,16.333334,11.333333,51.666668
561,77.70983,-70.379585,-231.66122,2.087009598290601,0.0,17.333334,13.333333,54.666668
562,99.15105,31.262619,-220.55576,7.31885902766988,0.0,33.333332,3.3333333,94.0
563,96.14996,43.689137,-250.77681,5.807270431950779,0.0,32.75,5.5,102.0
564,94.03346,49.63471,-263.2844,4.143001547200675,0.0,20.333334,7.3333335,64.333336
565,82.84417,49.098232,-278.38184,1.7322064078684403,0.0,21.666666,9.333333,72.0
566,94.003296,53.743248,-270.31412,4.847685505483465,0.0,22.5,9.5,73.75
567,94.97628,60.51931,-283.68976,3.0724293639499805,0.0,21.666666,11.333333,72.0
568,98.03376,68.62135,-285.68607,2.5458341034452623,0.0,23.333334,13.333333,77.666664
569,89.98957,63.77964,-276.5694,2.992814442964063,0.0,25.0,11.333333,80.666664
570,81.78386,73.11538,-285.12457,2.733061360601145,0.0,25.333334,13.333333,82.666664
571,96.36054,61.699654,-294.52783,2.8706720336230966,0.0,23.333334,13.333333,80.333336
572,95.290565,72.96817,-305.38678,2.391704500641498,0.0,25.0,15.333333,84.666664
573,96.92716,61.112095,-313.75873,2.5944278574029527,0.0,25.0,15.333333,86.0
574,102.05333,49.790398,-280.4937,2.0764767802603754,0.0,27.333334,11.333333,89.666664
575,100.38263,-36.51935,-249.8175,5.386751055852865,0.0,33.333332,5.3333335,106.333336
576,108.29548,-40.409172,-250.00987,4.105122924130918,0.0,34.666668,7.3333335,104.0
577,96.82405,-45.574238,-268.24603,4.622816251572054,0.0,35.75,7.5,112.5
578,101.5656,-47.05805,-278.20743,3.5696286247476703,0.0,34.666668,9.333333,105.333336
579,103.24679,-47.78873,-292.87445,3.7187998225621315,0.0,38.0,11.5,114.0
580,94.34035,-55.878048,-280.83557,3.0761334033013936,0.0,35.666668,9.333333,109.0
581,111.94316,-43.740467,-246.79857,3.5187979265520593,0.0,38.333332,9.333333,114.333336
582,115.06377,-50.085323,-246.1342,2.0745269762205374,0.0,39.333332,11.333333,117.333336
583,88.791794,-52.80181,-271.7269,3.203480664362574,0.0,41.333332,9.333333,121.333336
584,103.9597,49.03597,-252.81433,3.2690599851268436,0.0,46.333332,7.3333335,135.66667
585,107.2403,47.431545,-252.07848,2.8403933007846667,0.0,47.333332,9.333333,136.66667
586,111.117775,45.152405,-254.87267,2.292942926102424,0.0,46.0,11.333333,135.33333
587,77.849495,54.88818,-253.73378,3.0912872795614144,0.0,47.25,7.5,144.0
588,59.904736,57.513195,-257.48087,2.867427844691605,0.0,49.666668,9.333333,143.66667
589,48.828068,60.9217,-257.3532,2.404459990971563,0.0,49.333332,11.333333,144.0
590,79.91213,69.13364,-250.19704,2.454496557720524,0.0,49.666668,9.333333,145.0
591,116.403786,64.36821,-254.37364,2.2577255495150603,0.0,51.25,9.5,150.25
592,65.47882,66.86422,-261.22153,2.542809046220544,0.0,50.333332,9.333333,146.33333
593,61.19667,74.69693,-262.56683,2.092416705243749,0.0,53.0,11.333333,152.33333
594,80.95543,71.66778,-249.55144,2.340240121360846,0.0,56.0,11.333333,158.0
595,101.77981,48.61273,-213.83997,4.632458400758712,0.0,60.333332,5.3333335,167.66667
596,93.078384,59.380745,-211.07233,3.5595973930149407,0.0,61.666668,7.3333335,173.66667
597,89.93052,60.609596,-209.8498,3.5886993992040126,0.0,62.0,9.333333,175.33333
598,81.56186,66.706535,-213.15099,2.8863719297272645,0.0,62.666668,11.333333,178.66667
599,105.370575,51.65309,-209.90594,4.043300681352161,0.0,61.333332,7.3333335,176.0
600,110.91572,55.242542,-208.24185,3.1118051147646497,0.0,61.666668,9.333333,178.33333
601,118.82361,54.8203,-203.5496,2.540751706888013,0.0,64.333336,11.333333,184.33333
602,106.4725,52.572952,-199.59167,2.6754397907691865,0.0,64.333336,9.333333,185.66667
603,115.71758,65.903854,-205.94183,2.3304177561053177,0.0,63.333332,11.333333,184.66667
604,84.58752,61.145855,-203.62242,2.7639203962902483,0.0,67.333336,11.333333,191.33333
605,81.84029,60.62733,-202.04086,2.7379383149228484,0.0,66.333336,13.333333,191.66667
