,x,y,z,MaximumInscribedSphereRadius,CenterlineIds,TractIds,Blanking,GroupIds
0,98.40676879882812,3.084493398666382,-106.12834167480469,8.104964095407949,0,0,0,0
1,98.05326843261719,3.159261703491211,-108.03208923339844,8.104964095407949,0,0,0,0
2,97.77236938476562,3.403144121170044,-111.89436340332031,8.104964095407949,0,0,0,0
3,98.36793518066406,3.787299633026123,-115.1456527709961,8.103730553950609,0,0,0,0
4,98.57842254638672,4.135586261749268,-118.14689636230469,8.166229979313888,0,0,0,0
5,99.15975189208984,4.406037330627441,-121.10484313964844,8.001832236065981,0,0,0,0
6,99.65373992919922,4.785640239715576,-124.06137084960938,7.759634404896742,0,0,0,0
7,100.29874420166016,5.225817680358887,-126.98927307128906,7.854856308045733,0,0,0,0
8,100.88761138916016,5.760036468505859,-129.9131622314453,8.28212244993265,0,0,0,0
9,101.13573455810547,5.971065521240234,-132.921630859375,8.341704151051816,0,0,0,0
10,101.3411636352539,6.404955863952637,-135.89161682128906,8.398960264151452,0,0,0,0
11,101.70120239257812,6.658357620239258,-138.88113403320312,8.293705929433376,0,0,0,0
12,101.98814392089844,6.827763080596924,-141.89071655273438,8.394765698783289,0,0,0,0
13,102.04822540283203,7.013809680938721,-144.9126434326172,8.58610299880681,0,0,0,0
14,102.10700225830078,7.38015604019165,-147.91079711914062,8.71437939751714,0,0,0,0
15,102.04876708984375,7.983621120452881,-150.8767547607422,8.697603516170318,0,0,0,0
16,101.99115753173828,8.287896156311035,-153.8914031982422,8.869191833048133,0,0,0,0
17,102.14977264404297,8.564399719238281,-156.89932250976562,9.136557574604645,0,0,0,0
18,102.26771545410156,8.921517372131348,-159.89869689941406,9.284948828309549,0,0,0,0
19,102.07849884033203,9.314542770385742,-162.88516235351562,9.269518276977307,0,0,0,0
20,102.08721160888672,9.770892143249512,-165.87222290039062,9.017986934421717,0,0,0,0
21,102.08187103271484,10.246325492858887,-168.865966796875,8.862596110688333,0,0,0,0
22,101.95574951171875,11.001436233520508,-171.79910278320312,9.025880438674394,0,0,0,0
23,101.78435516357422,11.82717514038086,-174.6819610595703,8.878408809671122,0,0,0,0
24,101.7543716430664,12.538220405578613,-177.6241455078125,8.643763054745849,0,0,0,0
25,101.75569152832031,13.131346702575684,-180.60292053222656,8.608328690980741,0,0,0,0
26,101.83707427978516,13.601109504699707,-183.59854125976562,8.75526093529382,0,0,0,0
27,101.85420227050781,13.716087341308594,-186.6219024658203,8.934450858128717,0,0,0,0
28,101.71324920654297,13.740266799926758,-189.6185302734375,9.099648044544079,0,0,0,0
29,101.28852081298828,13.851261138916016,-192.5973358154297,9.3158195839484,0,0,0,0
30,99.2615737915039,18.085412979125977,-201.78135681152344,8.753640466359096,0,2,0,2
31,98.61653137207031,19.26466178894043,-204.55039978027344,8.51018842380196,0,2,0,2
32,98.1507568359375,20.23982048034668,-207.4323272705078,8.238552487854932,0,2,0,2
33,98.0716552734375,20.987178802490234,-210.4212188720703,7.92291112059733,0,2,0,2
34,98.13400268554688,22.458053588867188,-213.12228393554688,7.589104039806509,0,2,0,2
35,98.00788116455078,24.398090362548828,-215.5067596435547,7.366431190134754,0,2,0,2
36,98.2890625,26.724184036254883,-217.51217651367188,7.394199717245112,0,2,0,2
37,98.73638916015625,29.128870010375977,-219.31307983398438,7.459158653079539,0,2,0,2
38,101.04568481445312,36.196380615234375,-218.14666748046875,5.356864373623461,0,4,0,4
39,101.7009506225586,39.8881721496582,-217.51258850097656,4.705211252247791,0,4,0,4
40,101.53425598144531,43.544429779052734,-216.48081970214844,4.392889388952842,0,4,0,4
41,101.6328125,46.94674301147461,-214.9243621826172,4.523525155350673,0,4,0,4
42,103.61932373046875,50.04795455932617,-211.59303283691406,4.206215077430496,0,6,0,6
43,104.37374877929688,50.90285110473633,-210.6886444091797,4.043300681352154,0,6,0,6
44,107.49464416503906,53.33098602294922,-209.5811004638672,3.342111304552819,0,8,0,8
45,109.89661407470703,54.74407958984375,-208.7443084716797,3.111805114764688,0,8,0,8
46,112.6667251586914,54.67036819458008,-207.29342651367188,2.969466631580276,0,10,0,10
47,115.28929901123047,54.73427963256836,-205.55320739746094,2.8010040945406622,0,10,0,10
48,117.97470092773438,54.822418212890625,-203.9852294921875,2.6564659672294733,0,10,0,10
49,120.14161682128906,56.12836456298828,-203.03228759765625,2.129416095292571,0,12,0,12
50,122.52738189697266,57.56618881225586,-201.8824005126953,1.8425507362887497,0,12,0,12
51,124.92520141601562,59.116519927978516,-200.9297332763672,1.5540442859506471,0,12,0,12
52,127.22862243652344,60.43167495727539,-199.51805114746094,1.678451465150931,0,12,0,12
53,129.42396545410156,61.0062370300293,-197.54364013671875,1.432911134492354,0,12,0,12
54,131.59097290039062,61.93101501464844,-195.66090393066406,1.4650173574656846,0,12,0,12
55,133.77200317382812,62.6893196105957,-193.7122802734375,1.477556099088501,0,12,0,12
56,135.99002075195312,63.38539505004883,-191.78404235839844,1.4896195967787356,0,12,0,12
57,138.2034454345703,64.08454132080078,-189.84835815429688,1.4928985472607301,0,12,0,12
58,98.59272766113281,51.761165618896484,-214.62387084960938,4.141439980776431,1,6,0,13
59,96.4058609008789,54.66740798950195,-213.60935974121094,3.5912121554761454,1,6,0,13
60,94.42892456054688,57.561336517333984,-212.09397888183594,3.5600673917624355,1,6,0,13
61,91.20912170410156,59.948974609375,-210.43809509277344,3.567934398235593,1,8,0,15
62,91.00572204589844,60.04594421386719,-210.24148559570312,3.4945578726883464,1,8,0,15
63,88.78422546386719,60.52623748779297,-207.155029296875,2.8510666930342747,1,10,0,17
64,85.58253479003906,61.00638961791992,-204.40890502929688,2.418454480527478,1,10,0,17
65,84.73185729980469,63.19328689575195,-202.07791137695312,2.222957876294241,1,12,0,19
66,84.01939392089844,65.54048156738281,-200.25538635253906,1.790163076781141,1,12,0,19
67,83.737060546875,67.78057098388672,-198.1969757080078,1.5215977528543192,1,12,0,19
68,83.56551361083984,70.13685607910156,-196.25440979003906,1.5002620071899349,1,12,0,19
69,83.34199523925781,72.4452896118164,-194.2638397216797,1.4864437077706651,1,12,0,19
70,83.07955169677734,74.7757568359375,-192.2937774658203,1.4982805685084755,1,12,0,19
71,105.38166046142578,51.467044830322266,-206.60360717773438,3.018562159394375,2,8,0,20
72,105.92108917236328,51.7675666809082,-203.61322021484375,2.6484883534869716,2,8,0,20
73,106.3407211303711,52.2252082824707,-200.67938232421875,2.6630394084977627,2,8,0,20
74,106.97151947021484,51.52448272705078,-197.96841430664062,2.3525632741366738,2,10,0,22
75,107.6292724609375,50.77593994140625,-194.9791717529297,2.1346018964615725,2,10,0,22
76,109.28065490722656,50.06255340576172,-192.37222290039062,1.8698523649820098,2,10,0,22
77,110.86034393310547,49.538536071777344,-189.67433166503906,1.8845298724089785,2,10,0,22
78,112.42466735839844,49.0614013671875,-186.95614624023438,1.8938712501486938,2,10,0,22
79,113.99046325683594,48.55577850341797,-184.24032592773438,1.8900117259557299,2,10,0,22
80,88.18368530273438,62.07551193237305,-211.04440307617188,3.1795746831817846,3,10,0,23
81,85.1906509399414,63.90639877319336,-212.08509826660156,2.709002647828295,3,10,0,23
82,82.42293548583984,66.00812530517578,-213.05126953125,2.6962213981793486,3,10,0,23
83,81.52657318115234,68.90049743652344,-212.95132446289062,2.3176299064127663,3,12,0,25
84,80.58454132080078,71.78165435791016,-212.66172790527344,1.9993681019263732,3,12,0,25
85,79.64781188964844,74.63896179199219,-212.12017822265625,1.547788370418608,3,12,0,25
86,78.73251342773438,77.54154205322266,-211.84141540527344,1.5163320259738828,3,12,0,25
87,77.74894714355469,80.41751098632812,-211.46725463867188,1.5253356752113718,3,12,0,25
88,83.26785278320312,60.71131134033203,-203.07627868652344,2.893244767953559,4,12,0,26
89,82.6395034790039,60.73482131958008,-202.73915100097656,2.8900641945416297,4,12,0,26
90,82.08150482177734,60.30268859863281,-199.9931640625,2.3390135143048267,4,14,0,28
91,81.92302703857422,60.00688171386719,-196.85311889648438,2.123935347824916,4,14,0,28
92,82.0928726196289,59.690948486328125,-193.70567321777344,2.0235060894291768,4,14,0,28
93,81.87936401367188,59.2225341796875,-190.57443237304688,1.998984672093433,4,14,0,28
94,81.49732971191406,58.840721130371094,-187.4478302001953,1.9965822196555185,4,14,0,28
95,81.1668472290039,58.38020324707031,-184.31983947753906,1.9918052070621415,4,14,0,28
96,79.57117462158203,60.63909912109375,-202.06292724609375,2.4827066002388647,5,14,0,29
97,75.38750457763672,60.26185989379883,-201.75457763671875,2.131273389712145,5,14,0,29
98,71.26541137695312,59.40458679199219,-201.5699462890625,1.8923392603238058,5,14,0,29
99,94.40826416015625,62.161251068115234,-210.34353637695312,2.8006284947499003,6,8,0,30
100,94.968505859375,65.15747833251953,-209.50546264648438,2.29525096775581,6,8,0,30
101,96.2413558959961,67.95079803466797,-208.72491455078125,2.1378622542698755,6,8,0,30
102,97.48250579833984,70.75398254394531,-207.93637084960938,2.0810777168043777,6,8,0,30
103,98.6876449584961,73.54292297363281,-207.02130126953125,2.1032806536985897,6,8,0,30
104,99.84610748291016,76.37252044677734,-206.14955139160156,2.085661775673646,6,8,0,30
105,111.54341125488281,57.57855224609375,-208.0532684326172,2.491707967547323,7,10,0,31
106,113.11935424804688,61.39215087890625,-206.8886260986328,2.645600394558012,7,10,0,31
107,115.21354675292969,65.04470825195312,-206.20423889160156,2.3726892779155966,7,10,0,31
108,116.50867462158203,66.44264221191406,-204.56735229492188,2.188368390340812,7,12,0,33
109,118.27056121826172,68.44673156738281,-202.79086303710938,1.874948970362379,7,12,0,33
110,120.02484893798828,70.5854721069336,-201.14889526367188,1.6271484173176844,7,12,0,33
111,121.69742584228516,72.80792999267578,-199.51925659179688,1.561528375483059,7,12,0,33
112,123.37553405761719,75.0341567993164,-197.9071502685547,1.5528818795194346,7,12,0,33
113,125.05791473388672,77.25728607177734,-196.28863525390625,1.5532425512367736,7,12,0,33
114,116.1018295288086,67.39289093017578,-206.7333984375,2.1561395802764407,8,12,0,34
115,117.12316131591797,70.54692077636719,-206.8800506591797,2.188937538675418,8,12,0,34
116,118.78325653076172,73.43550872802734,-206.766845703125,2.09308010728377,8,12,0,34
117,120.26494598388672,76.41912078857422,-206.5193328857422,1.9145945954754662,8,12,0,34
118,121.65825653076172,79.45165252685547,-206.41213989257812,1.931988338174062,8,12,0,34
119,123.11844635009766,82.4613265991211,-206.19554138183594,1.9392579002970018,8,12,0,34
120,106.33932495117188,54.19365310668945,-198.61009216308594,2.5764119924888123,9,10,0,35
121,106.78750610351562,55.77023696899414,-195.9925079345703,2.636131993457863,9,10,0,35
122,107.3149185180664,57.17719650268555,-193.30186462402344,2.4341087438657016,9,10,0,35
123,108.03461456298828,58.23583221435547,-190.4976806640625,2.3744727044518514,9,10,0,35
124,108.67863464355469,59.27790451049805,-187.6600341796875,2.3768595257214113,9,10,0,35
125,109.5128173828125,60.331565856933594,-184.88253784179688,2.3668591635264034,9,10,0,35
126,120.05376434326172,53.48586654663086,-202.7568817138672,2.113339760532546,10,12,0,36
127,122.32984161376953,51.730751037597656,-201.78025817871094,1.906876008963991,10,12,0,36
128,124.6456527709961,50.10387420654297,-200.6851043701172,1.8546259901239996,10,12,0,36
129,126.93443298339844,48.40313720703125,-199.63829040527344,1.8411914304739714,10,12,0,36
130,129.2312469482422,46.707984924316406,-198.593994140625,1.844124970125375,10,12,0,36
131,79.64186096191406,66.57766723632812,-213.53201293945312,2.6263846051619133,11,12,0,37
132,76.63481140136719,67.62349700927734,-214.11709594726562,2.4651836032563175,11,12,0,37
133,73.54183197021484,68.39791870117188,-214.62876892089844,2.359932617149295,11,12,0,37
134,70.52667999267578,69.5247573852539,-214.95962524414062,2.4378713955593363,11,12,0,37
135,98.9272689819336,33.51457214355469,-225.6005859375,6.372056442237103,12,4,0,38
136,98.81797790527344,34.681339263916016,-228.5182342529297,5.872422160171631,12,4,0,38
137,98.76615142822266,35.64994430541992,-231.5131378173828,5.725196562985394,12,4,0,38
138,98.67728424072266,36.59703826904297,-234.51646423339844,5.883579328874081,12,4,0,38
139,98.55236053466797,37.27401351928711,-237.5605010986328,6.041091144896665,12,4,0,38
140,98.0558090209961,38.12568283081055,-240.54229736328125,5.860053694089655,12,4,0,38
141,97.53423309326172,39.02939224243164,-243.53302001953125,5.878954761985895,12,4,0,38
142,96.94198608398438,40.27034378051758,-246.3131561279297,6.11204559311742,12,4,0,38
143,96.29134368896484,42.03303146362305,-248.77023315429688,5.805188848930114,12,4,0,38
144,90.4008560180664,44.71315002441406,-252.11947631835938,4.403244508277196,12,6,0,74
145,87.77095031738281,46.42194366455078,-253.2814483642578,3.9930524213752747,12,6,0,74
146,85.08869934082031,48.35115432739258,-253.94471740722656,4.073799047281305,12,6,0,74
147,82.64910125732422,50.624935150146484,-253.82505798339844,3.7833295228571315,12,6,0,74
148,80.35674285888672,53.014774322509766,-253.63946533203125,3.5117699204831414,12,6,0,74
149,75.22959899902344,57.65129089355469,-254.74009704589844,2.849557178022896,12,8,0,40
150,72.8221206665039,59.829490661621094,-256.0141906738281,2.640560661282904,12,8,0,40
151,70.53207397460938,62.138370513916016,-257.29266357421875,2.6434594455795586,12,8,0,40
152,68.09224700927734,64.0378189086914,-258.9197998046875,2.615735030406631,12,8,0,40
153,66.09073638916016,66.1981201171875,-260.72650146484375,2.5428090462205577,12,8,0,40
154,64.57382202148438,68.38453674316406,-260.853271484375,2.269941409133205,12,10,0,42
155,63.081642150878906,71.20235443115234,-261.72833251953125,2.1374646264010995,12,10,0,42
156,61.60287094116211,74.03130340576172,-262.46112060546875,1.998000262394147,12,10,0,42
157,61.35912322998047,76.20243835449219,-262.0600280761719,1.6564628811434763,12,12,0,44
158,61.156497955322266,79.92315673828125,-261.0142517089844,1.286848012614693,12,12,0,44
159,60.859989166259766,83.71578216552734,-260.2003173828125,1.3241775609669053,12,12,0,44
160,60.566810607910156,87.50909423828125,-259.3984375,1.3009287031971686,12,12,0,44
161,80.01004028320312,58.22177505493164,-252.924560546875,3.0990597029995737,13,8,0,45
162,79.58969116210938,61.5585823059082,-252.41302490234375,2.7348560059901987,13,8,0,45
163,79.81535339355469,64.80633544921875,-251.43885803222656,2.575363497655997,13,8,0,45
164,79.9485092163086,68.06414794921875,-250.55889892578125,2.605943275917644,13,8,0,45
165,80.57202911376953,70.50679016113281,-249.871337890625,2.4498671328706814,13,10,0,47
166,80.70692443847656,70.75872802734375,-249.7381591796875,2.4451929931158833,13,10,0,47
167,80.10169219970703,73.22784423828125,-249.80050659179688,1.9212621756759434,13,12,0,49
168,79.39368438720703,76.56917572021484,-250.0951690673828,1.3278370753395552,13,12,0,49
169,78.72213745117188,79.95291137695312,-250.0349884033203,1.2401654362867085,13,12,0,49
170,78.19976806640625,83.3705825805664,-249.9961395263672,1.2617006022564476,13,12,0,49
171,77.59066772460938,86.77175903320312,-249.84852600097656,1.2520320415968493,13,12,0,49
172,74.1853256225586,54.74995422363281,-254.01951599121094,2.7495196065683505,14,8,0,50
173,70.78986358642578,55.221832275390625,-254.49400329589844,2.5031483992905015,14,8,0,50
174,67.42207336425781,55.975067138671875,-254.8182830810547,2.4611668269878715,14,8,0,50
175,64.12686920166016,56.53241729736328,-255.79449462890625,2.693365834728538,14,8,0,50
176,60.99882125854492,57.19636154174805,-257.0204772949219,2.981425580008088,14,8,0,50
177,59.043190002441406,57.399322509765625,-259.39776611328125,2.8076546867490015,14,10,0,52
178,56.2117805480957,57.68876647949219,-261.6932373046875,2.392675023947161,14,10,0,52
179,53.41917419433594,57.25056457519531,-264.0422058105469,2.0981815065926046,14,10,0,52
180,50.56907272338867,56.852352142333984,-266.32379150390625,2.110711617335036,14,10,0,52
181,47.71445083618164,56.49413299560547,-268.6155090332031,2.1151330608271097,14,10,0,52
182,58.178611755371094,58.427513122558594,-256.4342346191406,2.628903029094427,15,10,0,53
183,53.95343017578125,59.6099967956543,-256.612060546875,2.445498398718618,15,10,0,53
184,49.73990249633789,60.647735595703125,-257.270263671875,2.4841773124504933,15,10,0,53
185,47.2131462097168,60.10779571533203,-257.3069763183594,2.0902986708520794,15,12,0,55
186,44.306087493896484,59.37759780883789,-257.259765625,2.050432603655124,15,12,0,55
187,41.4467887878418,58.48424530029297,-257.40216064453125,2.0821520196270478,15,12,0,55
188,38.59556198120117,57.569950103759766,-257.5583801269531,2.0847149426335494,15,12,0,55
189,35.72540283203125,56.69157791137695,-257.6546936035156,2.073757346923914,15,12,0,55
190,82.22706604003906,72.65469360351562,-248.903076171875,2.1718521074728496,16,12,0,56
191,83.7054672241211,75.40390014648438,-247.7011260986328,1.7322875889897724,16,12,0,56
192,84.91168975830078,78.16741943359375,-246.24404907226562,1.6490867639597724,16,12,0,56
193,86.16788482666016,80.92050170898438,-244.80453491210938,1.7397343774391514,16,12,0,56
194,87.3801040649414,83.70343780517578,-243.38587951660156,1.7281370724817755,16,12,0,56
195,88.6573486328125,86.48495483398438,-242.0087127685547,1.7364391388437403,16,12,0,56
196,100.47712707519531,47.81148147583008,-252.82440185546875,3.8795161273079204,17,6,0,57
197,102.61434173583984,48.75922775268555,-253.1064453125,3.6509510960905676,17,6,0,57
198,104.6905288696289,51.960472106933594,-252.72586059570312,2.9793875805426127,17,8,0,60
199,106.32463073730469,54.58031463623047,-252.5308837890625,2.6024564974276974,17,8,0,60
200,108.2435302734375,57.00189208984375,-252.40457153320312,2.7992050174875955,17,8,0,60
201,110.446533203125,59.041778564453125,-253.03521728515625,2.624388035508351,17,8,0,60
202,112.73225402832031,60.9680061340332,-253.82415771484375,2.4912228439190605,17,8,0,60
203,114.96472930908203,62.96484375,-254.44305419921875,2.2725108887189083,17,8,0,60
204,116.5232925415039,64.68846130371094,-256.51361083984375,1.9357202507123303,17,10,0,59
205,118.11959075927734,66.5355453491211,-259.07794189453125,1.7326816418191753,17,10,0,59
206,119.30724334716797,68.53750610351562,-261.7385559082031,1.946351157556065,17,10,0,59
207,120.47901916503906,70.62493133544922,-264.347412109375,1.987143993338979,17,10,0,59
208,121.62843322753906,72.72771453857422,-266.9590759277344,1.9630577123677915,17,10,0,59
209,117.11705017089844,66.35523986816406,-252.27511596679688,1.6485873428300233,18,10,0,62
210,116.03247833251953,68.59712219238281,-249.54237365722656,1.3902973363887257,18,10,0,62
211,114.55644989013672,70.57986450195312,-246.7521514892578,1.4299850406443437,18,10,0,62
212,113.08326721191406,72.57146453857422,-243.96414184570312,1.412773544781197,18,10,0,62
213,106.03546905517578,48.19072341918945,-252.3314208984375,3.133844504826041,19,8,0,63
214,106.4394302368164,47.94358444213867,-252.3171844482422,3.0949388739759907,19,8,0,63
215,108.14677429199219,46.68427658081055,-250.19456481933594,2.3648637871110374,19,10,0,65
216,110.40335083007812,45.901546478271484,-247.42703247070312,2.0367924865045732,19,10,0,65
217,112.8874740600586,45.051124572753906,-244.89234924316406,2.0787533235915285,19,10,0,65
218,115.16277313232422,44.184104919433594,-242.1572723388672,2.0522808256974248,19,10,0,65
219,64.80804443359375,66.99211120605469,-263.0025939941406,2.1397232460528546,20,10,0,66
220,62.87129592895508,68.06010437011719,-265.00439453125,1.7323102505356087,20,10,0,66
221,60.81043243408203,69.44664764404297,-266.69818115234375,1.5787723808964247,20,10,0,66
222,58.80666732788086,70.68809509277344,-268.5749816894531,1.5583861168833417,20,10,0,66
223,56.798458099365234,71.85911560058594,-270.4955139160156,1.5633198289299588,20,10,0,66
224,54.77523422241211,73.05305480957031,-272.3782958984375,1.5474364335915134,20,10,0,66
225,60.0195198059082,75.13786315917969,-263.2633056640625,1.8074768529227092,21,12,0,67
226,57.15488052368164,77.13329315185547,-264.52838134765625,1.5791777911194913,21,12,0,67
227,54.25101089477539,79.08232116699219,-265.796630859375,1.596043752623335,21,12,0,67
228,51.36075210571289,81.02330780029297,-267.1048889160156,1.5953614699635565,21,12,0,67
229,118.54875183105469,65.30791473388672,-254.09947204589844,2.221927063448346,22,10,0,68
230,121.33580017089844,66.987548828125,-253.95494079589844,1.640466112544033,22,10,0,68
231,123.80178833007812,68.93019104003906,-253.02987670898438,1.4504018199570725,22,10,0,68
232,126.3753662109375,70.76195526123047,-252.1669158935547,1.4138678492681687,22,10,0,68
233,128.96209716796875,72.6000747680664,-251.34811401367188,1.408926023781603,22,10,0,68
234,131.5245361328125,74.47256469726562,-250.51927185058594,1.411551791581775,22,10,0,68
235,109.0776596069336,46.446983337402344,-253.3604736328125,2.2209562935286984,23,10,0,69
236,110.5419692993164,45.601539611816406,-254.38914489746094,2.207554962517981,23,10,0,69
237,111.03485870361328,43.64545822143555,-255.55274963378906,2.097073561687703,23,12,0,71
238,110.81082153320312,40.49528884887695,-256.9971923828125,1.9363178284128253,23,12,0,71
239,110.52605438232422,37.38833999633789,-258.52642822265625,1.9505183183245176,23,12,0,71
240,110.18360137939453,34.265647888183594,-260.01617431640625,1.9580244650342378,23,12,0,71
241,77.88552856445312,70.30298614501953,-249.41087341308594,2.0352440488191186,24,10,0,72
242,76.00537109375,72.78840637207031,-248.6239471435547,1.8602868547317852,24,10,0,72
243,74.05174255371094,75.32051086425781,-248.2255401611328,1.64301193429768,24,10,0,72
244,71.94819641113281,77.73770141601562,-247.8344268798828,1.660968777744329,24,10,0,72
245,69.8541030883789,80.14672088623047,-247.3493194580078,1.6641094080252672,24,10,0,72
246,67.76890563964844,82.55435943603516,-246.87371826171875,1.6507460430341703,24,10,0,72
247,47.96755599975586,62.45137405395508,-257.6205139160156,2.1131783828418578,25,12,0,75
248,45.651466369628906,64.89595031738281,-257.9263610839844,1.90415432693068,25,12,0,75
249,43.19620895385742,67.21051025390625,-257.5862121582031,1.8969601984516207,25,12,0,75
250,40.820186614990234,69.61528778076172,-257.3083190917969,1.9122909676768924,25,12,0,75
251,38.41468811035156,72.00218200683594,-257.06903076171875,1.9028845023663372,25,12,0,75
252,112.70553588867188,45.6844596862793,-255.361328125,1.9757725002013131,26,12,0,76
253,115.78404998779297,45.832881927490234,-256.6585388183594,1.3514654862842304,26,12,0,76
254,118.77665710449219,46.154876708984375,-258.1038818359375,1.3181176144771296,26,12,0,76
255,121.8028335571289,46.39396667480469,-259.4890441894531,1.3397948503230082,26,12,0,76
256,124.82024383544922,46.62289047241211,-260.924072265625,1.3154790894311403,26,12,0,76
257,101.5663070678711,8.403834342956543,-202.49884033203125,7.7786769164770835,27,2,0,77
258,101.33039093017578,6.483476638793945,-204.93865966796875,7.398848251999857,27,2,0,77
259,100.54906463623047,4.696029186248779,-207.3685302734375,7.288379598665978,27,2,0,77
260,99.93489837646484,3.0713534355163574,-209.9499969482422,7.204310871492472,27,2,0,77
261,99.5588607788086,1.639600396156311,-212.6820526123047,7.104317080845296,27,2,0,77
262,99.78239440917969,-0.007406602613627911,-215.3141632080078,6.835299571367085,27,2,0,77
263,100.25263977050781,-1.3704311847686768,-218.06961059570312,6.890982371485354,27,2,0,77
264,100.51473999023438,-3.2335081100463867,-220.55429077148438,6.620962055970175,27,2,0,77
265,100.42425537109375,-5.067480564117432,-223.0696258544922,6.44859022805032,27,2,0,77
266,100.21472930908203,-7.049506664276123,-225.46131896972656,6.239633343916404,27,2,0,77
267,99.73929595947266,-9.310540199279785,-227.54660034179688,6.023980875132927,27,2,0,77
268,99.64258575439453,-11.68974781036377,-229.5502471923828,5.741902684070819,27,2,0,77
269,99.52745056152344,-14.04409408569336,-231.59341430664062,5.830544351783593,27,2,0,77
270,99.35008239746094,-16.381832122802734,-233.6260986328125,5.9920225362301265,27,2,0,77
271,99.09130859375,-18.85908317565918,-235.49185180664062,6.0426935683596685,27,2,0,77
272,98.80204772949219,-21.397085189819336,-237.25201416015625,6.318125841928735,27,2,0,77
273,98.23517608642578,-24.03845977783203,-238.77200317382812,6.536519456905199,27,2,0,77
274,97.64520263671875,-26.788204193115234,-239.92759704589844,6.558509046095195,27,2,0,77
275,98.49410247802734,-31.8730411529541,-245.11380004882812,5.833730986592838,27,4,0,79
276,99.81254577636719,-35.14040756225586,-248.31936645507812,5.905352677453628,27,4,0,79
277,98.7052230834961,-38.34137725830078,-252.96189880371094,5.372761214372845,27,6,0,105
278,98.04462432861328,-39.915611267089844,-255.84408569335938,5.116828959011884,27,6,0,105
279,97.56932067871094,-41.161441802978516,-258.9239501953125,4.936757569276677,27,6,0,105
280,97.1686782836914,-42.452964782714844,-261.97393798828125,4.828774295447643,27,6,0,105
281,96.76647186279297,-44.01755142211914,-264.8658142089844,4.628830250856499,27,6,0,105
282,92.89525604248047,-47.84035873413086,-266.1097412109375,4.016201852119052,27,8,0,81
283,91.09089660644531,-49.91384506225586,-268.6368103027344,3.5767753273856098,27,8,0,81
284,89.39581298828125,-52.07604217529297,-271.0625305175781,2.976535935708073,27,8,0,81
285,86.91395568847656,-52.618309020996094,-273.3426208496094,2.6253180232991022,27,10,0,83
286,84.79623413085938,-54.01057815551758,-276.3905944824219,2.3715725617958174,27,10,0,83
287,82.92628479003906,-55.626041412353516,-279.5179138183594,2.21075507557862,27,10,0,83
288,81.05602264404297,-57.15053176879883,-282.6979675292969,2.214173467037451,27,10,0,83
289,99.11471557617188,-45.87008285522461,-273.126708984375,3.849660963669691,28,8,0,84
290,101.0389633178711,-46.65299987792969,-277.05255126953125,3.5696286247476756,28,8,0,84
291,101.42662048339844,-47.02168273925781,-280.3011474609375,3.4649533980904463,28,10,0,86
292,101.73558807373047,-47.148223876953125,-284.102783203125,3.2521163631109076,28,10,0,86
293,102.09397888183594,-47.31182098388672,-287.8946838378906,3.474871079631029,28,10,0,86
294,102.89753723144531,-47.673011779785156,-291.5657043457031,3.9800943999292433,28,10,0,86
295,103.77252960205078,-46.030086517333984,-295.4486999511719,2.978177655573861,28,12,0,88
296,104.23280334472656,-44.40276336669922,-298.1690979003906,2.3445471776574958,28,12,0,88
297,104.36214447021484,-43.36710739135742,-301.2004089355469,1.939415355791537,28,12,0,88
298,103.97604370117188,-42.366661071777344,-304.2126159667969,2.1147934428488147,28,12,0,88
299,103.44205474853516,-41.439231872558594,-307.238037109375,2.111824972921302,28,12,0,88
300,104.64311981201172,-38.302276611328125,-250.06602478027344,4.462514139866095,29,6,0,89
301,106.97782897949219,-39.64842224121094,-250.3417510986328,4.104468626715185,29,6,0,89
302,109.96316528320312,-41.98899459838867,-248.65664672851562,3.8155978102909085,29,8,0,91
303,111.14106750488281,-43.011070251464844,-247.4400177001953,3.5161183214268004,29,8,0,91
304,112.86112976074219,-46.004905700683594,-246.33839416503906,2.8354312885762165,29,10,0,93
305,114.60800170898438,-49.24732971191406,-245.99417114257812,2.180420737094046,29,10,0,93
306,116.16348266601562,-50.97466278076172,-245.26834106445312,1.923924751639369,29,12,0,95
307,118.35403442382812,-53.05236053466797,-244.47152709960938,2.1120904760664994,29,12,0,95
308,119.96844482421875,-55.103755950927734,-242.72706604003906,1.427529189608097,29,12,0,95
309,121.84552001953125,-57.015010833740234,-241.0574188232422,1.3278464513784707,29,12,0,95
310,123.71087646484375,-58.89226531982422,-239.334228515625,1.3233894089140779,29,12,0,95
311,125.58345031738281,-60.82205581665039,-237.67327880859375,1.3418989379031756,29,12,0,95
312,106.22764587402344,-48.961936950683594,-294.3598937988281,2.737060766732908,30,12,0,96
313,108.46825408935547,-50.02033615112305,-296.88507080078125,2.2209595709640464,30,12,0,96
314,110.67472839355469,-51.02871322631836,-299.4671630859375,1.7686840978548126,30,12,0,96
315,112.49959564208984,-51.796634674072266,-302.417236328125,1.4799851087254745,30,12,0,96
316,114.36456298828125,-52.6336669921875,-305.3222351074219,1.4868726048346612,30,12,0,96
317,116.28013610839844,-53.480716705322266,-308.19635009765625,1.5116453133859946,30,12,0,96
318,89.00020599365234,-55.0679931640625,-271.9615478515625,2.5849830048132447,31,10,0,97
319,88.33723449707031,-58.87358856201172,-272.9553527832031,2.2317069799615994,31,10,0,97
320,87.56198120117188,-62.72385787963867,-273.5463562011719,2.2860969335599863,31,10,0,97
321,85.96957397460938,-66.28343200683594,-274.388427734375,2.1363772644231864,31,10,0,97
322,113.75409698486328,-42.579071044921875,-244.81292724609375,2.8528251808506213,32,10,0,98
323,116.47529602050781,-42.51797103881836,-242.63336181640625,2.267236399479162,32,10,0,98
324,119.57025146484375,-43.17265319824219,-241.15269470214844,2.0312708612051975,32,10,0,98
325,122.68441009521484,-44.08058166503906,-239.8278045654297,1.9829606499834285,32,10,0,98
326,125.82027435302734,-44.91767501831055,-238.51316833496094,1.9853226125332777,32,10,0,98
327,128.98175048828125,-45.726165771484375,-237.23135375976562,1.9780716502443891,32,10,0,98
328,115.0767593383789,-51.05291748046875,-247.14111328125,2.1077328390976255,33,12,0,99
329,115.83549499511719,-54.030784606933594,-248.4251708984375,1.8904938065904866,33,12,0,99
330,115.3127212524414,-56.965057373046875,-249.9504852294922,1.5645306655660778,33,12,0,99
331,114.89191436767578,-59.87548828125,-251.55979919433594,1.5591799691767483,33,12,0,99
332,114.50674438476562,-62.809364318847656,-253.13482666015625,1.5582063429986137,33,12,0,99
333,95.35549926757812,-48.84172058105469,-272.42083740234375,3.5009807838438354,34,8,0,100
334,94.73384094238281,-50.58134460449219,-275.14886474609375,3.058897416573402,34,8,0,100
335,94.37882232666016,-52.632484436035156,-277.6925964355469,3.035415422775645,34,8,0,100
336,94.26167297363281,-54.93255615234375,-279.9881896972656,3.0227264387469974,34,8,0,100
337,95.68170166015625,-57.90397644042969,-280.8409118652344,2.7150100798608925,34,10,0,102
338,96.8480224609375,-60.74721145629883,-281.6348571777344,2.1820987268513634,34,10,0,102
339,97.54307556152344,-63.5711784362793,-282.9292907714844,1.5581951470243292,34,10,0,102
340,98.67267608642578,-66.33965301513672,-283.9997253417969,1.6963555407094058,34,10,0,102
341,99.98702239990234,-69.0437240600586,-285.06866455078125,1.7111987023777806,34,10,0,102
342,104.10466003417969,-48.850406646728516,-278.31610107421875,2.296634180632323,35,10,0,103
343,105.95649719238281,-51.41594314575195,-278.7862548828125,2.0825720234086673,35,10,0,103
344,107.98971557617188,-53.843482971191406,-279.1976623535156,2.1226947927064868,35,10,0,103
345,110.1474838256836,-56.17823028564453,-279.5643310546875,2.121263443215873,35,10,0,103
346,112.2943115234375,-58.52055358886719,-279.9527587890625,2.1235284041975038,35,10,0,103
347,93.34091186523438,-56.19267272949219,-282.70074462890625,2.9032579019831335,36,10,0,104
348,92.36095428466797,-57.62675476074219,-285.58416748046875,2.6918179368312805,36,10,0,104
349,91.01046752929688,-58.852149963378906,-288.46612548828125,2.717163187208037,36,10,0,104
350,90.0177001953125,-60.68348693847656,-291.1342468261719,2.7752090665527027,36,10,0,104
351,89.17510986328125,-62.96022415161133,-293.53887939453125,2.8148272186117262,36,10,0,104
352,101.79420471191406,-49.25492477416992,-295.7380676269531,2.8442515943724334,37,12,0,107
353,101.36186218261719,-50.99858474731445,-298.9449462890625,2.5228597061870124,37,12,0,107
354,101.2986068725586,-52.63345718383789,-302.2598876953125,2.3023198601602397,37,12,0,107
355,101.4431381225586,-54.35009002685547,-305.5336608886719,2.3340179394492018,37,12,0,107
356,101.67527770996094,-56.099124908447266,-308.7847900390625,2.3316043713489196,37,12,0,107
357,110.67442321777344,-39.56451416015625,-252.849365234375,2.8167798520022607,38,8,0,108
358,112.6214370727539,-38.90788650512695,-255.052734375,2.3793905251827723,38,8,0,108
359,114.19486999511719,-38.1655387878418,-257.506103515625,2.3738719148684817,38,8,0,108
360,115.71281433105469,-37.49174118041992,-260.0182800292969,2.384468883613181,38,8,0,108
361,117.30472564697266,-36.94051742553711,-262.5212097167969,2.3993340911264314,38,8,0,108
362,95.47657775878906,46.60403823852539,-255.90017700195312,5.08683469465212,39,6,0,109
363,94.6164779663086,48.6527214050293,-260.42596435546875,4.8318663095458785,39,6,0,109
364,93.983154296875,51.35921859741211,-265.2294616699219,4.713207110710071,39,8,0,111
365,94.10831451416016,52.59002685546875,-267.9695739746094,4.846054181705686,39,8,0,111
366,91.00051879882812,59.08863067626953,-273.9984130859375,3.153737563577794,39,10,0,112
367,90.1168212890625,62.6472053527832,-275.9834289550781,2.9928144429639074,39,10,0,112
368,88.59082794189453,64.39344024658203,-277.8963928222656,2.8182304894124464,39,12,0,114
369,86.89378356933594,66.81436157226562,-279.78045654296875,2.551645352255362,39,12,0,114
370,85.04203796386719,69.27680206298828,-281.63446044921875,2.7735164216112658,39,12,0,114
371,83.12568664550781,71.25271606445312,-283.5618591308594,2.8242896094916077,39,12,0,114
372,80.09120178222656,72.87715911865234,-286.01202392578125,2.574739368557746,39,14,0,116
373,78.06124114990234,74.40724182128906,-287.7793273925781,2.3811583682440367,39,14,0,116
374,75.7306900024414,75.71752166748047,-289.3277587890625,2.031551740118086,39,14,0,116
375,73.44332122802734,77.2178955078125,-290.7784423828125,1.7504067789273223,39,14,0,116
376,71.53608703613281,79.12410736083984,-292.3177185058594,1.461632336503246,39,14,0,116
377,69.70879364013672,81.0562973022461,-293.926025390625,1.4850788202810943,39,14,0,116
378,67.89979553222656,83.00396728515625,-295.5314025878906,1.5084410143079265,39,14,0,116
379,66.05521392822266,84.92217254638672,-297.1442565917969,1.5006372842444027,39,14,0,116
380,91.1387939453125,65.5658187866211,-276.468994140625,2.797108770633847,40,12,0,117
381,91.91170501708984,68.5900650024414,-276.5531005859375,2.706378136707513,40,12,0,117
382,93.04037475585938,71.50039672851562,-276.5243835449219,2.68005844867899,40,12,0,117
383,94.21208953857422,74.39994812011719,-276.5080261230469,2.692260855948584,40,12,0,117
384,95.3926010131836,77.29601287841797,-276.3930358886719,2.6834151005215365,40,12,0,117
385,97.49591064453125,51.97440719604492,-272.04168701171875,3.2994852503937255,41,10,0,118
386,99.43902587890625,51.043601989746094,-274.1898498535156,2.599599915979,41,10,0,118
387,100.79862976074219,50.23239517211914,-276.7883605957031,2.163341190397273,41,10,0,118
388,101.72905731201172,49.89945983886719,-279.6364440917969,2.0287846459537846,41,10,0,118
389,101.33958435058594,49.07920455932617,-281.83026123046875,1.936863580706355,41,12,0,120
390,100.12200164794922,47.703857421875,-284.58648681640625,1.8466368571557599,41,12,0,120
391,98.54200744628906,46.28020095825195,-287.1363830566406,1.839620969146531,41,12,0,120
392,96.96236419677734,44.86034393310547,-289.69415283203125,1.8370496047431937,41,12,0,120
393,93.60851287841797,56.235801696777344,-276.1077575683594,3.6889680098966324,42,10,0,121
394,94.3349609375,57.81081771850586,-279.3681945800781,3.0874098220183064,42,10,0,121
395,94.76113891601562,59.71371078491211,-282.4613037109375,3.120360361562606,42,10,0,121
396,95.28004455566406,59.88570785522461,-285.6594543457031,3.3389274266584423,42,12,0,123
397,95.71682739257812,60.41445541381836,-289.6100158691406,3.279472732582634,42,12,0,123
398,96.15471649169922,61.41062927246094,-293.4391174316406,2.8706720336231024,42,12,0,123
399,95.89984130859375,63.659263610839844,-295.60357666015625,2.3035099655016236,42,14,0,125
400,95.39631652832031,66.00691986083984,-297.6316833496094,2.2534774466361065,42,14,0,125
401,95.06600952148438,68.21560668945312,-299.8407287597656,2.494510066444176,42,14,0,125
402,95.05209350585938,70.25582885742188,-302.23284912109375,2.5407969973895224,42,14,0,125
403,95.22514343261719,72.31449890136719,-304.5428466796875,2.3660041539900685,42,14,0,125
404,96.52603149414062,73.45259857177734,-306.4932861328125,2.331626032081827,42,16,0,127
405,97.72037506103516,74.92832946777344,-309.1984558105469,2.0604655745134686,42,16,0,127
406,98.93936920166016,76.6983642578125,-311.718994140625,1.9557437260472725,42,16,0,127
407,100.28336334228516,78.54888153076172,-314.1090087890625,1.9857914722144823,42,16,0,127
408,101.54156494140625,80.35811614990234,-316.5937805175781,1.9743537069895878,42,16,0,127
409,95.0556640625,62.93756103515625,-283.86151123046875,3.0511103968303837,43,12,0,128
410,97.58029174804688,67.79029846191406,-285.3031005859375,2.5226308182664217,43,12,0,128
411,99.89945983886719,69.07450866699219,-285.78466796875,2.262121809398722,43,14,0,130
412,102.79603576660156,70.45610809326172,-286.12908935546875,2.3131797886998346,43,14,0,130
413,105.33061218261719,72.3326416015625,-286.806640625,2.4389867429860086,43,14,0,130
414,107.88583374023438,74.23617553710938,-287.3236999511719,2.39751605474543,43,14,0,130
415,110.50027465820312,76.00497436523438,-287.9242858886719,2.4216581954590706,43,14,0,130
416,113.10044860839844,77.76240539550781,-288.6888427734375,2.402400764907315,43,14,0,130
417,97.18094635009766,60.92789077758789,-296.2748718261719,2.681270604512922,44,14,0,131
418,98.12930297851562,60.450531005859375,-299.480712890625,2.692202781502613,44,14,0,131
419,97.88764190673828,60.405906677246094,-302.82403564453125,2.335797292909424,44,14,0,131
420,97.44880676269531,60.72397994995117,-306.15533447265625,2.3172655864776543,44,14,0,131
421,97.09349822998047,60.97726058959961,-309.5060729980469,2.50957881547058,44,14,0,131
422,96.97273254394531,61.19513702392578,-312.8404541015625,2.4724218699783487,44,14,0,131
423,96.9919662475586,59.5531005859375,-315.0057373046875,2.0003902735232386,44,16,0,133
424,96.67625427246094,57.30060577392578,-317.3673095703125,2.0411773030747487,44,16,0,133
425,95.74122619628906,55.616416931152344,-320.04083251953125,1.9625737203632567,44,16,0,133
426,94.79792022705078,54.6240234375,-323.03582763671875,2.03760383041898,44,16,0,133
427,94.01396942138672,53.95679473876953,-326.1678161621094,2.0613946973219717,44,16,0,133
428,93.18746948242188,53.28328323364258,-329.29327392578125,2.081717888094172,44,16,0,133
429,103.32299041748047,50.2008056640625,-281.0125732421875,2.0642913861465892,45,12,0,134
430,106.81472778320312,50.73283386230469,-282.5635070800781,1.7316747287346037,45,12,0,134
431,110.11201477050781,51.29037857055664,-284.4737243652344,1.492485757598515,45,12,0,134
432,92.03266143798828,47.20682907104492,-266.63592529296875,2.993607893564119,46,8,0,135
433,89.81246948242188,46.94367980957031,-269.4670104980469,2.285284213669775,46,8,0,135
434,87.37763214111328,47.564754486083984,-272.0367126464844,1.9951620886482146,46,8,0,135
435,85.10381317138672,48.50897979736328,-274.69879150390625,1.648525937541554,46,8,0,135
436,83.16947937011719,49.02284240722656,-277.6673583984375,1.8564623672230112,46,8,0,135
437,82.38589477539062,49.990570068359375,-279.0583801269531,1.7982212531789976,46,10,0,137
438,80.76093292236328,51.499107360839844,-281.7515869140625,1.6281733430786076,46,10,0,137
439,79.16632080078125,52.42380142211914,-284.7295837402344,1.6573296180862707,46,10,0,137
440,77.7257080078125,53.50497817993164,-287.7351379394531,1.7021336802528284,46,10,0,137
441,76.29206848144531,54.59104919433594,-290.7474365234375,1.6839633434137096,46,10,0,137
442,96.74395751953125,62.2337646484375,-315.2344055175781,2.147281272005689,47,16,0,138
443,96.50506591796875,63.69711685180664,-318.4640197753906,1.947299634805572,47,16,0,138
444,96.19722747802734,65.12628173828125,-321.70135498046875,1.9049051731420779,47,16,0,138
445,95.98050689697266,66.41284942626953,-324.9984436035156,1.9245854934195312,47,16,0,138
446,95.69249725341797,67.63558197021484,-328.32525634765625,1.9238939868958336,47,16,0,138
447,94.05841827392578,73.95337677001953,-306.119384765625,2.2013279787957707,48,16,0,139
448,92.85916900634766,76.09294891357422,-308.39044189453125,1.8252524995714714,48,16,0,139
449,91.74053955078125,78.50807189941406,-310.4267883300781,1.7076724639626395,48,16,0,139
450,90.52924346923828,80.79139709472656,-312.56854248046875,1.6977018571699949,48,16,0,139
451,89.34644317626953,83.05802917480469,-314.7466125488281,1.7059801224477789,48,16,0,139
452,81.79643249511719,75.06130981445312,-285.874267578125,2.532643084325941,49,14,0,141
453,80.48365020751953,77.79882049560547,-287.51275634765625,2.473629716433022,49,14,0,141
454,78.93553161621094,80.30420684814453,-289.2983093261719,1.787515924876307,49,14,0,141
455,77.87108612060547,82.85653686523438,-291.3218994140625,1.675257676802626,49,14,0,141
456,76.91361999511719,85.37499237060547,-293.4783630371094,1.6729488420205991,49,14,0,141
457,75.92070007324219,87.82400512695312,-295.7110900878906,1.665062224057937,49,14,0,141
458,97.34033966064453,70.17790222167969,-286.5084533691406,2.3169362333581676,50,14,0,142
459,97.06897735595703,73.11209106445312,-288.4338073730469,2.2371322369281947,50,14,0,142
460,96.61678314208984,75.94529724121094,-290.4739685058594,2.2145553775433355,50,14,0,142
461,96.15473175048828,78.8426513671875,-292.3981018066406,2.163505000636447,50,14,0,142
462,95.83243560791016,81.63053894042969,-294.5097351074219,2.1808668489408247,50,14,0,142
463,95.50042724609375,84.51248931884766,-296.5080261230469,2.1746028709368335,50,14,0,142
464,82.59336853027344,48.119544982910156,-279.3677978515625,1.565666567491473,51,10,0,143
465,82.17961883544922,46.873390197753906,-282.2912292480469,1.5627011807691884,51,10,0,143
466,81.92138671875,45.746944427490234,-285.2937927246094,1.5887096566464864,51,10,0,143
467,81.72737121582031,44.68442153930664,-288.3289794921875,1.5873927284153413,51,10,0,143
468,81.58740234375,43.621307373046875,-291.369873046875,1.5861338182776434,51,10,0,143
469,94.79167175292969,-33.095176696777344,-239.4045867919922,5.272443462840883,52,4,0,144
470,93.18470764160156,-35.76387023925781,-238.23135375976562,4.813534207098597,52,4,0,144
471,91.45800018310547,-38.29531478881836,-236.96023559570312,4.911864193150441,52,4,0,144
472,88.73124694824219,-42.67234420776367,-237.0380096435547,4.632091096641756,52,6,0,146
473,86.18367004394531,-45.855220794677734,-237.7545166015625,4.067951454581727,52,6,0,146
474,83.28691864013672,-48.58243942260742,-238.84417724609375,3.5484184962582765,52,6,0,146
475,80.73844909667969,-51.35293197631836,-238.24853515625,3.458642075754865,52,8,0,148
476,78.19647979736328,-54.313838958740234,-237.55274963378906,3.3374482990885266,52,8,0,148
477,75.02438354492188,-55.16957092285156,-236.98110961914062,2.9684990442136945,52,10,0,150
478,72.07572174072266,-55.963531494140625,-236.56546020507812,2.7127798512687926,52,10,0,150
479,69.10198974609375,-56.6837158203125,-236.88905334472656,2.508780759308557,52,10,0,150
480,66.20409393310547,-57.26875686645508,-237.60133361816406,2.356961367065729,52,10,0,150
481,63.790138244628906,-56.22449493408203,-237.6958465576172,2.18232960195422,52,12,0,152
482,59.35525894165039,-54.02503204345703,-236.92254638671875,2.3171760607883503,52,12,0,152
483,56.91395950317383,-53.85928726196289,-236.68345642089844,2.000996356989521,52,14,0,154
484,53.557456970214844,-53.60652160644531,-236.31881713867188,1.5857119380255913,52,14,0,154
485,50.216373443603516,-53.091773986816406,-236.46315002441406,1.6992094420190629,52,14,0,154
486,47.016170501708984,-51.979515075683594,-236.36923217773438,1.718146491711325,52,14,0,154
487,43.81800842285156,-50.8602409362793,-236.31883239746094,1.7218214773816638,52,14,0,154
488,40.59176254272461,-49.81216049194336,-236.2257537841797,1.7413385207260614,52,14,0,154
489,77.40750885009766,-57.7137336730957,-237.30918884277344,2.7122548593149993,53,10,0,155
490,77.0041275024414,-63.12299346923828,-235.9246826171875,2.388407060722218,53,10,0,155
491,77.73323822021484,-64.9918212890625,-234.37225341796875,2.346307503006056,53,12,0,157
492,77.8364486694336,-69.48391723632812,-232.0103759765625,2.005884530863269,53,12,0,157
493,78.77672576904297,-71.59451293945312,-231.86712646484375,1.9629699960689082,53,14,0,159
494,79.98158264160156,-74.77134704589844,-231.5220947265625,1.5521314413108285,53,14,0,159
495,80.53343200683594,-78.13065338134766,-231.19334411621094,1.363058297426113,53,14,0,159
496,80.79451751708984,-81.5418472290039,-230.91799926757812,1.3713667097887399,53,14,0,159
497,81.1627426147461,-84.94976043701172,-230.6729278564453,1.3978832355059034,53,14,0,159
498,76.70223236083984,-70.9296646118164,-230.93670654296875,2.265604241262701,54,14,0,160
499,74.93466186523438,-72.86131286621094,-229.54872131347656,2.2121791384561114,54,14,0,160
500,73.1006851196289,-74.43264770507812,-227.79071044921875,2.172942831212041,54,14,0,160
501,71.29734802246094,-75.735107421875,-225.79739379882812,2.168575365966466,54,14,0,160
502,69.50928497314453,-77.0736083984375,-223.7977294921875,2.1673930961749543,54,14,0,160
503,76.25540924072266,-65.54202270507812,-236.45252990722656,2.123558062867292,55,12,0,161
504,75.14258575439453,-68.43406677246094,-237.34317016601562,1.987302380897281,55,12,0,161
505,74.02987670898438,-71.35089111328125,-238.15882873535156,2.0416064684315294,55,12,0,161
506,72.72905731201172,-74.16276550292969,-239.05845642089844,2.066679605717604,55,12,0,161
507,71.40239715576172,-76.89747619628906,-240.12538146972656,2.069303122982708,55,12,0,161
508,70.11642456054688,-79.70814514160156,-241.0529327392578,2.041846281913576,55,12,0,161
509,64.27400970458984,-58.67272186279297,-238.27891540527344,2.376948470544893,56,12,0,162
510,61.41943359375,-60.503475189208984,-238.73350524902344,2.1477939466673632,56,12,0,162
511,58.552886962890625,-62.26968765258789,-239.34161376953125,1.9791123097911423,56,12,0,162
512,55.5352668762207,-63.70431900024414,-240.1136474609375,1.8126660182011958,56,12,0,162
513,52.48454284667969,-65.06178283691406,-240.8952178955078,1.8465494618641973,56,12,0,162
514,49.45674133300781,-66.4207763671875,-241.77012634277344,1.837323745650049,56,12,0,162
515,81.35464477539062,-49.91801834106445,-241.99305725097656,3.2779063741517547,57,8,0,163
516,79.22697448730469,-51.0050163269043,-244.1819610595703,2.9350197940014557,57,8,0,163
517,76.99867248535156,-52.28742218017578,-246.1645965576172,2.8371686462297094,57,8,0,163
518,74.7835693359375,-53.316650390625,-248.2900848388672,2.800603274479232,57,8,0,163
519,72.76579284667969,-54.497802734375,-250.48196411132812,2.74673742787515,57,8,0,163
520,70.71875762939453,-56.4329833984375,-251.12551879882812,2.464162694020987,57,10,0,165
521,68.2200927734375,-58.64298629760742,-251.95797729492188,2.432405219689541,57,10,0,165
522,65.81159973144531,-60.72557830810547,-253.30824279785156,2.4846634770890854,57,10,0,165
523,63.440147399902344,-62.796043395996094,-254.740966796875,2.5044639522247096,57,10,0,165
524,61.12217712402344,-64.93460083007812,-256.1533508300781,2.522859549975273,57,10,0,165
525,58.76618576049805,-67.11743927001953,-257.45233154296875,2.523138302449772,57,10,0,165
526,71.86964416503906,-54.905609130859375,-253.34829711914062,2.67339837337222,58,10,0,166
527,70.5914306640625,-56.279296875,-256.354736328125,2.416319493132364,58,10,0,166
528,70.24813842773438,-56.560916900634766,-259.8759765625,2.34903242749332,58,10,0,166
529,70.136962890625,-56.72303771972656,-263.4242858886719,2.354385699444871,58,10,0,166
530,70.23771667480469,-56.66242218017578,-266.9534912109375,2.396390260826512,58,10,0,166
531,70.12596893310547,-56.78664779663086,-270.4662170410156,2.3420606873630936,58,10,0,166
532,58.46712112426758,-51.786251068115234,-236.90945434570312,2.0426116417167393,59,14,0,167
533,58.905574798583984,-48.54230499267578,-235.75665283203125,1.8583953651656917,59,14,0,167
534,59.75544357299805,-45.428184509277344,-234.3581085205078,1.872202393083741,59,14,0,167
535,60.62495040893555,-42.348323822021484,-232.8922882080078,1.8755281887368929,59,14,0,167
536,91.25370788574219,-41.294837951660156,-231.6967010498047,4.283327194661852,60,6,0,168
537,91.54480743408203,-43.250152587890625,-228.42172241210938,3.842665596484733,60,6,0,168
538,92.21980285644531,-45.04425811767578,-225.03567504882812,4.283037296301502,60,6,0,168
539,95.63802337646484,-50.335227966308594,-220.6313018798828,3.3410854197770083,60,8,0,170
540,96.51110076904297,-52.8372917175293,-218.9844207763672,3.080693754957682,60,8,0,170
541,97.23338317871094,-55.35081481933594,-217.35519409179688,2.5549166895416606,60,8,0,170
542,98.09445190429688,-57.74256896972656,-216.92433166503906,2.324721798325287,60,10,0,172
543,98.62723541259766,-58.91326904296875,-216.7613525390625,2.1417650791494687,60,10,0,172
544,100.63939666748047,-60.07829666137695,-217.2479248046875,1.786219050966484,60,12,0,174
545,104.0653305053711,-61.47352600097656,-217.36341857910156,1.1888016061822917,60,12,0,174
546,107.25607299804688,-63.33456802368164,-217.70376586914062,1.3274928276581306,60,12,0,174
547,110.36750030517578,-65.32356262207031,-218.06103515625,1.338602407604764,60,12,0,174
548,113.46524810791016,-67.33846282958984,-218.47213745117188,1.3486058318767806,60,12,0,174
549,98.83110809326172,-61.313228607177734,-216.3870391845703,1.9968500175570876,61,12,0,175
550,99.0665283203125,-64.43106079101562,-216.09751892089844,1.6083287732232154,61,12,0,175
551,99.0887451171875,-67.55513000488281,-215.82606506347656,1.5232159713166282,61,12,0,175
552,99.06278991699219,-70.68677520751953,-215.5805206298828,1.5560816207498447,61,12,0,175
553,99.09063720703125,-73.81922149658203,-215.29844665527344,1.53679897619216,61,12,0,175
554,96.02934265136719,-45.89812088012695,-219.09559631347656,3.6363676588043665,62,8,0,176
555,97.886962890625,-45.88298416137695,-216.53839111328125,3.2802410696935516,62,8,0,176
556,99.59716796875,-46.11491012573242,-213.90499877929688,3.252460925841762,62,8,0,176
557,100.90193176269531,-46.377471923828125,-211.04319763183594,3.0549990336602235,62,8,0,176
558,102.26776123046875,-46.62992477416992,-208.24627685546875,2.9202716722920705,62,8,0,176
559,102.57257843017578,-46.418922424316406,-205.33673095703125,2.9013946528082664,62,10,0,178
560,104.04185485839844,-46.27175521850586,-200.57080078125,2.706191919218923,62,10,0,178
561,104.61681365966797,-46.32556915283203,-197.72743225097656,2.311937073942641,62,12,0,180
562,104.7741470336914,-46.36851119995117,-196.42657470703125,2.213837589750976,62,12,0,180
563,104.76470184326172,-47.374786376953125,-194.27383422851562,2.0453468573555904,62,14,0,182
564,105.16461944580078,-48.659996032714844,-191.29183959960938,1.5978689350412891,62,14,0,182
565,105.0899658203125,-50.27011489868164,-188.44264221191406,1.6335283405897778,62,14,0,182
566,105.09840393066406,-51.816078186035156,-185.548583984375,1.627647058315174,62,14,0,182
567,104.99744415283203,-53.42829513549805,-182.69578552246094,1.6354213222019316,62,14,0,182
568,104.9013671875,-55.009307861328125,-179.83343505859375,1.6313968998004946,62,14,0,182
569,89.33619689941406,-46.021461486816406,-220.05934143066406,3.3005942801043275,63,8,0,183
570,86.94068908691406,-45.85129928588867,-217.85801696777344,3.0297050986851817,63,8,0,183
571,84.41307067871094,-45.3516960144043,-215.932373046875,3.175247459323998,63,8,0,183
572,82.84467315673828,-43.31673049926758,-211.85693359375,2.6082576509120066,63,10,0,185
573,80.69058990478516,-42.625858306884766,-206.9541778564453,2.380184315059882,63,10,0,185
574,79.34383392333984,-41.2086181640625,-205.405029296875,2.1085654000292173,63,12,0,187
575,77.75357818603516,-39.1349983215332,-203.5811767578125,1.9280983297356096,63,12,0,187
576,76.16984558105469,-37.025909423828125,-201.79269409179688,1.8680967332113656,63,12,0,187
577,74.63570404052734,-34.91963195800781,-199.96157836914062,1.9031805276366573,63,12,0,187
578,73.05516815185547,-32.827022552490234,-198.14344787597656,1.882606664342791,63,12,0,187
579,104.95674133300781,-47.563316345214844,-206.85723876953125,2.4470221052645713,64,10,0,188
580,107.57976531982422,-48.3552131652832,-204.9893035888672,2.3067808762144644,64,10,0,188
581,110.17326354980469,-49.29743194580078,-203.13824462890625,1.9815505123249668,64,10,0,188
582,112.32894897460938,-50.4249153137207,-200.90867614746094,1.9004869290111521,64,10,0,188
583,114.11600494384766,-50.22223663330078,-200.07962036132812,1.7775824963974014,64,12,0,190
584,117.17477416992188,-50.069602966308594,-198.12838745117188,1.62514776476884,64,12,0,190
585,120.17288970947266,-50.3608512878418,-196.03460693359375,1.3851108184152892,64,12,0,190
586,123.23174285888672,-50.708099365234375,-194.03675842285156,1.3995235617179567,64,12,0,190
587,126.24180603027344,-51.061275482177734,-191.9731903076172,1.366832072223907,64,12,0,190
588,105.6895523071289,-45.285682678222656,-194.56539916992188,1.9775242291533646,65,14,0,191
589,106.78697204589844,-43.10123825073242,-192.17726135253906,1.8652997976040246,65,14,0,191
590,107.9153060913086,-41.169151306152344,-189.572509765625,1.7401516556830168,65,14,0,191
591,108.91998291015625,-39.20111846923828,-186.93731689453125,1.7645175810767082,65,14,0,191
592,109.84104919433594,-37.21708297729492,-184.27694702148438,1.7666821695282386,65,14,0,191
593,81.90811157226562,-48.5931396484375,-212.76832580566406,2.080017493677404,66,10,0,192
594,81.2154312133789,-51.01385498046875,-210.7657928466797,1.883369007037832,66,10,0,192
595,80.53540802001953,-53.71821975708008,-209.15234375,1.6633049864394585,66,10,0,192
596,79.81254577636719,-56.45355987548828,-207.64735412597656,1.6323691056222456,66,10,0,192
597,79.33843994140625,-59.23464584350586,-206.08445739746094,1.6806811924632261,66,10,0,192
598,78.85120391845703,-62.011878967285156,-204.52517700195312,1.6401991941732097,66,10,0,192
599,80.03656768798828,-45.47545623779297,-214.23492431640625,2.982364635813547,67,10,0,193
600,76.93987274169922,-45.230995178222656,-213.82601928710938,2.8165992623183165,67,10,0,193
601,73.82831573486328,-44.86427688598633,-213.68601989746094,2.75171871244798,67,10,0,193
602,70.90446472167969,-43.868629455566406,-213.20399475097656,2.2359426510471456,67,10,0,193
603,68.0703125,-42.63053512573242,-212.7022247314453,2.126507536727749,67,10,0,193
604,65.2107162475586,-41.46113967895508,-212.18016052246094,2.148004155033218,67,10,0,193
605,62.38977813720703,-40.19008255004883,-211.7422637939453,2.1287082647270235,67,10,0,193
606,97.51558685302734,-56.68032455444336,-214.65806579589844,2.0261773629978794,68,10,0,194
607,98.24589538574219,-58.46553421020508,-211.61253356933594,1.7905238955278842,68,10,0,194
608,98.84000396728516,-60.520233154296875,-208.71466064453125,1.7549512469840345,68,10,0,194
609,99.0223159790039,-62.57064437866211,-205.73110961914062,1.760146661722924,68,10,0,194
610,99.1427993774414,-64.60298919677734,-202.72842407226562,1.7744046040896255,68,10,0,194
611,106.30912780761719,-44.833412170410156,-199.31568908691406,2.229319956503983,69,12,0,195
612,109.14212799072266,-43.737762451171875,-199.059326171875,1.8575389109775045,69,12,0,195
613,111.85675048828125,-42.45248031616211,-199.67544555664062,1.7969983603320612,69,12,0,195
614,114.56529235839844,-41.17241668701172,-200.3643035888672,1.7930205117954487,69,12,0,195
615,117.19295501708984,-39.80046463012695,-201.18678283691406,1.7996211095114827,69,12,0,195
616,112.81134796142578,-51.59469223022461,-199.34512329101562,1.7281532497028549,70,12,0,196
617,113.1380386352539,-53.52158737182617,-196.9599151611328,1.255197303203869,70,12,0,196
618,112.64995574951172,-55.859886169433594,-194.92311096191406,1.276446405838957,70,12,0,196
619,112.09422302246094,-58.163787841796875,-192.8828582763672,1.2849436939365964,70,12,0,196
620,111.4718017578125,-60.52599334716797,-190.91012573242188,1.3112291553499267,70,12,0,196
621,110.99667358398438,-62.826290130615234,-188.83616638183594,1.281684229657029,70,12,0,196
622,80.27197265625,-43.54698944091797,-204.6249237060547,1.8805948297450492,71,12,0,197
623,79.43143463134766,-44.416507720947266,-201.44046020507812,1.7950449512645745,71,12,0,197
624,78.87214660644531,-44.81898880004883,-198.10740661621094,1.6716839773468464,71,12,0,197
625,78.4388198852539,-45.75007629394531,-194.85433959960938,1.698033128990479,71,12,0,197
626,78.01573944091797,-46.586181640625,-191.57652282714844,1.7153221906099285,71,12,0,197
627,77.60475158691406,-47.376075744628906,-188.28453063964844,1.7155904731677518,71,12,0,197
628,100.76498413085938,13.631254196166992,-197.6790008544922,9.3158195839484,9,1,0,26
629,99.15104675292969,31.262619018554688,-220.55575561523438,7.459158653079539,4,3,0,14
630,101.7798080444336,48.612728118896484,-213.8399658203125,4.523525155350673,0,5,0,7
631,105.37057495117188,51.65309143066406,-209.90594482421875,4.043300681352154,0,7,0,11
632,110.91571807861328,55.2425422668457,-208.24185180664062,3.111805114764688,2,9,0,16
633,118.8236083984375,54.8203010559082,-203.5496063232422,2.6564659672294733,3,11,0,19
634,93.07838439941406,59.38074493408203,-211.07232666015625,3.5600673917624355,2,7,0,19
635,89.9305191040039,60.609596252441406,-209.84979248046875,3.4945578726883464,1,9,0,18
636,84.58751678466797,61.14585494995117,-203.62242126464844,2.418454480527478,2,11,0,20
637,106.47250366210938,52.57295227050781,-199.5916748046875,2.6630394084977627,4,9,0,25
638,81.56185913085938,66.70653533935547,-213.15098571777344,2.6962213981793486,5,11,0,28
639,81.84028625488281,60.6273307800293,-202.04086303710938,2.8900641945416297,4,13,0,27
640,115.71758270263672,65.90385437011719,-205.94183349609375,2.3726892779155966,7,11,0,32
641,96.14996337890625,43.68913650512695,-250.7768096923828,5.805188848930114,20,5,0,69
642,77.84949493408203,54.888179779052734,-253.73377990722656,3.5117699204831414,12,7,0,52
643,65.47882080078125,66.86421966552734,-261.2215270996094,2.5428090462205577,14,9,0,49
644,61.19667053222656,74.69692993164062,-262.56683349609375,1.998000262394147,15,11,0,51
645,79.9121322631836,69.13363647460938,-250.19703674316406,2.605943275917644,16,9,0,54
646,80.95542907714844,71.66777801513672,-249.5514373779297,2.4451929931158833,14,11,0,50
647,59.90473556518555,57.5131950378418,-257.4808654785156,2.981425580008088,14,9,0,51
648,48.828067779541016,60.92169952392578,-257.35321044921875,2.4841773124504933,18,11,0,61
649,103.95970153808594,49.03596878051758,-252.8143310546875,3.6509510960905676,17,7,0,60
650,116.4037857055664,64.36820983886719,-254.37364196777344,2.2725108887189083,18,9,0,62
651,107.24030303955078,47.43154525756836,-252.07847595214844,3.0949388739759907,20,9,0,65
652,111.1177749633789,45.15240478515625,-254.87266540527344,2.207554962517981,24,11,0,72
653,97.06056213378906,-29.232318878173828,-240.6107940673828,6.558509046095195,35,3,0,100
654,100.38262939453125,-36.51934814453125,-249.8175048828125,5.905352677453628,27,5,0,91
655,96.82405090332031,-45.57423782348633,-268.24603271484375,4.628830250856499,29,7,0,92
656,88.79179382324219,-52.80181121826172,-271.7268981933594,2.976535935708073,28,9,0,87
657,101.56559753417969,-47.058048248291016,-278.2074279785156,3.5696286247476756,30,9,0,91
658,103.24678802490234,-47.78874969482422,-292.87451171875,3.9800943999292433,30,11,0,94
659,108.29547882080078,-40.40917205810547,-250.00987243652344,4.104468626715185,32,7,0,96
660,111.9435043334961,-43.74092102050781,-246.7984161376953,3.5161183214268004,30,9,0,94
661,115.06376647949219,-50.085323333740234,-246.1342010498047,2.180420737094046,30,11,0,95
662,94.34034729003906,-55.878047943115234,-280.8355712890625,3.0227264387469974,34,9,0,102
663,94.03346252441406,49.634708404541016,-263.2843933105469,4.8318663095458785,41,7,0,118
664,94.00386047363281,53.743404388427734,-270.3153381347656,4.846054181705686,40,9,0,115
665,89.98957061767578,63.779640197753906,-276.56939697265625,2.9928144429639074,39,11,0,114
666,81.78385925292969,73.1153793334961,-285.12457275390625,2.8242896094916077,42,13,0,123
667,102.05332946777344,49.79039764404297,-280.49371337890625,2.0287846459537846,42,11,0,124
668,94.97628021240234,60.519309997558594,-283.68975830078125,3.120360361562606,42,11,0,124
669,96.36054229736328,61.69965362548828,-294.52783203125,2.8706720336231024,42,13,0,126
670,95.29081726074219,72.9686050415039,-305.3874206542969,2.3660041539900685,44,15,0,130
671,98.03376007080078,68.62135314941406,-285.6860656738281,2.5226308182664217,45,13,0,133
672,96.92716217041016,61.11209487915039,-313.75872802734375,2.4724218699783487,45,15,0,134
673,82.84422302246094,49.098262786865234,-278.3816833496094,1.8564623672230112,47,9,0,138
674,90.5545883178711,-40.12339782714844,-236.24061584472656,4.911864193150441,54,5,0,152
675,82.2226791381836,-49.56869125366211,-239.39883422851562,3.5484184962582765,53,7,0,152
676,77.29239654541016,-55.18565368652344,-237.36984252929688,3.3374482990885266,52,9,0,151
677,65.16743469238281,-57.40568542480469,-237.79931640625,2.356961367065729,53,11,0,154
678,58.63523483276367,-53.490692138671875,-236.8684844970703,2.3171760607883503,54,13,0,157
679,77.03404235839844,-64.11748504638672,-235.63539123535156,2.388407060722218,53,11,0,157
680,77.70983123779297,-70.37958526611328,-231.66122436523438,2.005884530863269,53,13,0,158
681,72.10598754882812,-55.01154708862305,-251.33651733398438,2.74673742787515,57,9,0,164
682,92.92847442626953,-46.13812255859375,-222.566650390625,4.283037296301502,61,7,0,174
683,97.54573059082031,-56.28281021118164,-216.89718627929688,2.5549166895416606,62,9,0,178
684,99.04620361328125,-59.68291473388672,-216.7648162841797,2.1417650791494687,60,11,0,173
685,102.88443756103516,-46.755882263183594,-207.1623992919922,2.9202716722920705,62,9,0,180
686,104.50096893310547,-46.09699630737305,-199.6138153076172,2.706191919218923,64,11,0,184
687,104.97560119628906,-46.36709976196289,-195.4999542236328,2.213837589750976,63,13,0,184
688,83.26734161376953,-45.375980377197266,-214.86099243164062,3.175247459323998,64,9,0,188
689,80.30516815185547,-42.46884536743164,-206.17347717285156,2.380184315059882,65,11,0,189
690,112.86463165283203,-50.640560150146484,-200.3577423095703,1.9004869290111521,66,11,0,191
